post_id,majority_asian,majority_black,majority_man,majority_white,majority_woman,majority_overall,average_asian,average_black,average_man,average_white,average_woman,average_overall,gpt_cot,gemini_cot,solar_cot
popq_524,,1.0,1.0,1,-1.0,1,,1.0,2.0,2,2.0,2,3.0,3.0,1.0
popq_499,,-1.0,2.0,-1,1.0,-1,,2.0,2.0,2,2.0,2,3.0,3.0,3.0
popq_389,,,-1.0,1,1.0,1,,,2.0,2,2.0,2,2.0,1.0,1.0
popq_912,,,1.0,1,1.0,1,,,1.0,1,1.0,1,2.0,1.0,
popq_821,,1.0,2.0,2,-1.0,-1,,1.0,2.0,2,2.0,2,2.0,3.0,4.0
popq_477,1.0,1.0,3.0,4,4.0,4,1.0,1.0,2.0,3,3.0,3,3.0,3.0,4.0
popq_1435,2.0,1.0,-1.0,1,1.0,1,2.0,1.0,2.0,2,2.0,2,2.0,3.0,3.0
popq_851,2.0,1.0,1.0,1,1.0,1,2.0,1.0,2.0,2,1.0,1,3.0,3.0,3.0
popq_195,-1.0,1.0,1.0,1,1.0,1,3.0,1.0,2.0,2,1.0,2,4.0,3.0,3.0
popq_1129,1.0,3.0,1.0,1,1.0,1,1.0,3.0,2.0,2,2.0,2,2.0,2.0,1.0
popq_530,,,-1.0,2,2.0,2,,,3.0,2,2.0,2,3.0,3.0,4.0
popq_723,3.0,1.0,3.0,2,1.0,-1,3.0,1.0,3.0,2,1.0,2,3.0,3.0,
popq_789,1.0,4.0,2.0,2,1.0,2,1.0,4.0,2.0,2,2.0,2,2.0,3.0,4.0
popq_1382,,2.0,-1.0,1,1.0,1,,2.0,2.0,1,1.0,1,2.0,3.0,3.0
popq_995,1.0,1.0,-1.0,2,1.0,1,1.0,1.0,2.0,2,1.0,2,3.0,3.0,3.0
popq_459,,1.0,1.0,1,1.0,1,,1.0,1.0,1,1.0,1,1.0,1.0,
popq_879,1.0,1.0,1.0,1,1.0,1,1.0,1.0,2.0,2,1.0,1,1.0,1.0,
popq_564,-1.0,3.0,1.0,1,5.0,1,2.0,3.0,2.0,3,4.0,3,3.0,3.0,2.0
popq_1420,,,1.0,1,1.0,1,,,2.0,2,1.0,2,1.0,1.0,1.0
popq_1352,,,-1.0,-1,-1.0,-1,,,2.0,3,4.0,3,2.0,3.0,4.0
popq_350,,1.0,-1.0,4,-1.0,-1,,1.0,3.0,3,2.0,3,5.0,5.0,4.0
popq_870,1.0,3.0,3.0,3,3.0,3,1.0,3.0,3.0,4,3.0,3,4.0,5.0,4.0
popq_747,,-1.0,2.0,-1,5.0,5,,4.0,2.0,3,4.0,3,2.0,3.0,4.0
popq_376,,1.0,1.0,1,1.0,1,,1.0,1.0,1,1.0,1,3.0,3.0,3.0
popq_1128,,,1.0,1,1.0,1,,,1.0,2,2.0,2,3.0,3.0,
popq_1087,-1.0,5.0,3.0,-1,4.0,3,2.0,5.0,3.0,3,4.0,3,3.0,3.0,4.0
popq_267,,1.0,1.0,1,1.0,1,,1.0,1.0,1,1.0,1,1.0,1.0,
popq_963,5.0,,5.0,-1,5.0,5,5.0,,3.0,3,4.0,4,5.0,5.0,5.0
popq_177,,1.0,1.0,1,1.0,1,,1.0,1.0,1,1.0,1,1.0,1.0,
popq_921,1.0,-1.0,1.0,1,-1.0,1,1.0,3.0,2.0,1,2.0,2,1.0,1.0,
popq_1411,,,1.0,1,1.0,1,,,1.0,1,1.0,1,1.0,1.0,
popq_478,,1.0,1.0,1,1.0,1,,1.0,1.0,1,1.0,1,2.0,1.0,
popq_87,1.0,3.0,1.0,1,1.0,1,1.0,3.0,1.0,1,1.0,1,2.0,1.0,1.0
popq_152,,,1.0,1,1.0,1,,,1.0,1,1.0,1,1.0,1.0,
popq_92,,,1.0,1,1.0,1,,,2.0,2,1.0,2,3.0,3.0,4.0
popq_1124,,1.0,1.0,1,1.0,1,,1.0,1.0,1,1.0,1,1.0,1.0,
popq_620,,,-1.0,5,5.0,5,,,3.0,4,4.0,4,5.0,5.0,4.0
popq_415,,4.0,1.0,1,1.0,1,,4.0,2.0,2,2.0,2,2.0,1.0,1.0
popq_1413,1.0,1.0,1.0,1,1.0,1,1.0,1.0,1.0,1,1.0,1,1.0,1.0,
popq_1230,,,1.0,1,1.0,1,,,1.0,2,2.0,2,2.0,1.0,
popq_924,1.0,,4.0,-1,1.0,1,1.0,,3.0,2,1.0,2,4.0,3.0,
popq_1179,,,1.0,1,,1,,,2.0,2,,2,1.0,1.0,
popq_735,-1.0,,1.0,1,1.0,1,2.0,,1.0,1,1.0,1,1.0,1.0,
popq_31,5.0,,3.0,3,2.0,3,5.0,,4.0,3,2.0,3,4.0,4.0,4.0
popq_422,,-1.0,1.0,1,1.0,1,,2.0,1.0,1,1.0,1,2.0,1.0,1.0
popq_1395,,,1.0,1,1.0,1,,,1.0,1,1.0,1,1.0,2.0,
popq_891,1.0,1.0,1.0,1,1.0,1,1.0,1.0,1.0,1,1.0,1,2.0,3.0,1.0
popq_154,,1.0,1.0,1,1.0,1,,1.0,1.0,1,1.0,1,2.0,3.0,
popq_655,1.0,1.0,1.0,1,1.0,1,1.0,1.0,1.0,1,1.0,1,2.0,3.0,3.0
popq_994,1.0,,1.0,1,1.0,1,1.0,,2.0,1,1.0,1,2.0,1.0,
popq_1006,1.0,1.0,1.0,1,1.0,1,1.0,1.0,2.0,2,1.0,2,1.0,1.0,
popq_502,,1.0,1.0,1,1.0,1,,1.0,2.0,1,1.0,1,2.0,1.0,
popq_624,,1.0,-1.0,1,1.0,1,,1.0,2.0,2,2.0,2,2.0,1.0,3.0
popq_637,,,1.0,2,2.0,2,,,2.0,2,2.0,2,4.0,3.0,3.0
popq_162,,-1.0,1.0,1,-1.0,1,,4.0,2.0,2,3.0,3,2.0,3.0,4.0
popq_432,,2.0,1.0,1,1.0,1,,2.0,1.0,1,1.0,1,2.0,3.0,
popq_646,1.0,1.0,1.0,1,1.0,1,1.0,1.0,1.0,1,1.0,1,1.0,1.0,
popq_869,-1.0,3.0,1.0,1,2.0,-1,3.0,3.0,2.0,1,3.0,2,2.0,3.0,3.0
popq_958,2.0,1.0,1.0,1,2.0,1,2.0,1.0,2.0,2,2.0,2,2.0,1.0,3.0
popq_189,1.0,,2.0,2,2.0,2,1.0,,2.0,2,2.0,2,1.0,1.0,
popq_768,1.0,,-1.0,1,1.0,1,1.0,,2.0,1,1.0,1,1.0,1.0,
popq_1197,,3.0,1.0,1,1.0,1,,3.0,1.0,1,1.0,1,2.0,3.0,3.0
popq_1084,-1.0,,3.0,2,2.0,-1,2.0,,3.0,3,2.0,3,4.0,3.0,4.0
popq_1162,,2.0,3.0,3,-1.0,3,,2.0,3.0,3,2.0,3,2.0,1.0,4.0
popq_1176,1.0,,1.0,1,1.0,1,1.0,,1.0,1,1.0,1,1.0,1.0,
popq_790,2.0,2.0,1.0,1,1.0,1,2.0,2.0,1.0,1,1.0,1,3.0,1.0,
popq_168,-1.0,,1.0,-1,4.0,-1,2.0,,2.0,3,3.0,3,4.0,3.0,4.0
popq_1148,,-1.0,1.0,1,1.0,1,,3.0,1.0,2,3.0,2,2.0,3.0,
popq_804,,5.0,2.0,2,-1.0,2,,5.0,2.0,2,3.0,3,4.0,4.0,4.0
popq_993,1.0,,1.0,1,1.0,1,1.0,,1.0,2,2.0,2,2.0,3.0,
popq_301,1.0,3.0,1.0,1,1.0,1,1.0,3.0,2.0,1,1.0,2,2.0,3.0,2.0
popq_827,,,-1.0,2,2.0,2,,,4.0,2,2.0,2,2.0,3.0,4.0
popq_1372,1.0,,1.0,1,1.0,1,1.0,,1.0,1,1.0,1,1.0,1.0,
popq_987,-1.0,4.0,2.0,2,5.0,-1,3.0,4.0,3.0,3,3.0,3,5.0,3.0,4.0
popq_101,,5.0,5.0,5,5.0,5,,5.0,4.0,4,5.0,4,4.0,4.0,4.0
popq_617,,4.0,1.0,1,-1.0,1,,4.0,1.0,2,2.0,2,2.0,3.0,3.0
popq_417,,2.0,1.0,1,1.0,1,,2.0,1.0,1,1.0,1,2.0,3.0,1.0
popq_666,1.0,,1.0,1,1.0,1,1.0,,2.0,2,1.0,2,2.0,1.0,1.0
popq_985,-1.0,3.0,4.0,5,-1.0,-1,2.0,3.0,4.0,4,3.0,3,3.0,3.0,4.0
popq_961,1.0,4.0,1.0,1,1.0,1,1.0,4.0,2.0,2,2.0,2,2.0,1.0,1.0
popq_774,,1.0,1.0,1,1.0,1,,1.0,1.0,1,1.0,1,2.0,3.0,
popq_674,1.0,2.0,1.0,1,-1.0,1,1.0,2.0,1.0,1,2.0,1,2.0,3.0,
popq_544,,,1.0,1,-1.0,1,,,1.0,2,2.0,2,3.0,3.0,
popq_1265,4.0,4.0,4.0,3,3.0,-1,4.0,4.0,4.0,3,3.0,3,4.0,3.0,3.0
popq_909,,2.0,1.0,1,1.0,1,,2.0,1.0,1,1.0,1,3.0,3.0,
popq_626,3.0,1.0,-1.0,-1,1.0,1,3.0,1.0,3.0,2,2.0,2,3.0,3.0,4.0
popq_858,1.0,,1.0,1,1.0,1,1.0,,1.0,1,1.0,1,2.0,2.0,
popq_1204,,-1.0,-1.0,5,5.0,5,,4.0,4.0,4,4.0,4,4.0,4.0,4.0
popq_785,,1.0,-1.0,1,1.0,1,,1.0,2.0,1,1.0,1,2.0,3.0,4.0
popq_1101,,,1.0,1,1.0,1,,,1.0,1,1.0,1,1.0,2.0,
popq_877,3.0,3.0,-1.0,3,3.0,3,3.0,3.0,2.0,3,3.0,3,2.0,3.0,4.0
popq_1255,,4.0,1.0,-1,-1.0,-1,,4.0,2.0,2,3.0,2,2.0,3.0,2.0
popq_558,1.0,1.0,1.0,1,1.0,1,1.0,1.0,1.0,1,1.0,1,1.0,1.0,
popq_48,,-1.0,1.0,1,1.0,1,,2.0,1.0,1,1.0,1,4.0,3.0,1.0
popq_67,,1.0,-1.0,1,1.0,1,,1.0,2.0,2,2.0,2,3.0,3.0,2.0
popq_90,1.0,3.0,-1.0,1,1.0,1,1.0,3.0,2.0,1,1.0,2,2.0,3.0,1.0
popq_416,3.0,1.0,1.0,1,1.0,1,3.0,1.0,1.0,2,2.0,2,2.0,3.0,
popq_895,2.0,-1.0,2.0,-1,2.0,2,2.0,4.0,2.0,2,2.0,2,4.0,3.0,4.0
popq_428,,,1.0,1,1.0,1,,,2.0,2,2.0,2,2.0,3.0,1.0
popq_904,,-1.0,1.0,1,1.0,1,,2.0,1.0,2,2.0,2,1.0,1.0,
popq_404,1.0,-1.0,1.0,1,1.0,1,1.0,4.0,1.0,1,3.0,2,2.0,3.0,3.0
popq_967,1.0,,1.0,1,1.0,1,1.0,,1.0,2,2.0,2,2.0,3.0,1.0
popq_1276,,3.0,1.0,1,-1.0,1,,3.0,2.0,2,3.0,2,5.0,4.0,4.0
popq_1094,2.0,-1.0,-1.0,1,-1.0,1,2.0,4.0,2.0,2,3.0,3,4.0,3.0,4.0
popq_1419,,,3.0,1,1.0,1,,,2.0,2,1.0,2,4.0,4.0,3.0
popq_672,1.0,,1.0,1,1.0,1,1.0,,2.0,2,1.0,2,2.0,3.0,
popq_838,,3.0,3.0,5,-1.0,-1,,3.0,3.0,3,3.0,3,2.0,3.0,4.0
popq_457,,1.0,1.0,5,-1.0,1,,1.0,2.0,3,4.0,3,2.0,3.0,4.0
popq_229,1.0,1.0,1.0,1,1.0,1,1.0,1.0,2.0,1,1.0,1,1.0,1.0,
popq_1132,,1.0,1.0,1,1.0,1,,1.0,1.0,1,1.0,1,1.0,1.0,
popq_896,2.0,-1.0,2.0,4,4.0,-1,2.0,3.0,3.0,3,3.0,3,3.0,3.0,4.0
popq_363,1.0,1.0,1.0,1,-1.0,1,1.0,1.0,2.0,2,2.0,2,,3.0,3.0
popq_1475,,,5.0,-1,2.0,-1,,,5.0,3,2.0,3,4.0,4.0,4.0
popq_149,1.0,1.0,1.0,1,1.0,1,1.0,1.0,1.0,1,1.0,1,2.0,1.0,
popq_1072,1.0,-1.0,-1.0,-1,1.0,1,1.0,3.0,3.0,2,1.0,2,3.0,3.0,4.0
popq_1158,1.0,1.0,1.0,1,1.0,1,1.0,1.0,1.0,1,1.0,1,1.0,1.0,
popq_1427,3.0,2.0,3.0,2,2.0,2,3.0,2.0,3.0,2,2.0,2,4.0,4.0,3.0
popq_54,,-1.0,-1.0,2,2.0,2,,4.0,2.0,2,3.0,2,2.0,3.0,1.0
popq_834,,,-1.0,2,2.0,2,,,4.0,3,3.0,3,4.0,3.0,4.0
popq_353,,2.0,-1.0,4,4.0,4,,2.0,4.0,4,3.0,4,4.0,4.0,4.0
popq_712,,3.0,3.0,-1,-1.0,3,,3.0,3.0,4,4.0,3,5.0,5.0,4.0
popq_225,,,2.0,3,3.0,3,,,2.0,3,4.0,3,4.0,4.0,4.0
popq_1153,,3.0,1.0,1,1.0,1,,3.0,2.0,2,2.0,2,1.0,3.0,
popq_335,2.0,1.0,3.0,2,2.0,2,2.0,1.0,3.0,2,2.0,2,2.0,3.0,4.0
popq_1071,4.0,3.0,-1.0,5,5.0,-1,4.0,3.0,3.0,4,4.0,4,4.0,4.0,4.0
popq_1021,1.0,,1.0,1,1.0,1,1.0,,1.0,1,1.0,1,1.0,1.0,
popq_1324,,2.0,-1.0,1,1.0,1,,2.0,3.0,2,2.0,2,2.0,3.0,
popq_815,3.0,,1.0,1,1.0,1,3.0,,1.0,1,1.0,1,2.0,1.0,
popq_450,,3.0,-1.0,-1,3.0,-1,,2.0,3.0,2,2.0,2,2.0,1.0,1.0
popq_1091,2.0,,2.0,1,1.0,-1,2.0,,2.0,2,2.0,2,4.0,4.0,4.0
popq_209,,,-1.0,5,5.0,5,,,3.0,4,4.0,4,5.0,5.0,4.0
popq_752,,1.0,2.0,2,-1.0,2,,1.0,2.0,2,2.0,2,1.0,1.0,
popq_103,,2.0,1.0,1,1.0,1,,2.0,1.0,1,1.0,1,2.0,1.0,
popq_775,,-1.0,1.0,1,1.0,1,,2.0,1.0,1,2.0,2,1.0,1.0,
popq_183,,1.0,1.0,1,1.0,1,,1.0,1.0,1,1.0,1,2.0,3.0,
popq_548,,-1.0,3.0,3,3.0,3,,4.0,2.0,2,3.0,2,4.0,4.0,4.0
popq_164,1.0,,1.0,1,1.0,1,1.0,,1.0,1,1.0,1,1.0,1.0,
popq_1448,5.0,1.0,-1.0,-1,1.0,1,5.0,1.0,3.0,2,2.0,2,2.0,3.0,3.0
popq_35,1.0,,1.0,1,1.0,1,1.0,,1.0,1,1.0,1,2.0,1.0,
popq_1451,1.0,4.0,3.0,-1,-1.0,4,1.0,4.0,3.0,3,2.0,3,4.0,3.0,4.0
popq_786,,4.0,1.0,1,-1.0,1,,4.0,2.0,2,2.0,2,3.0,3.0,2.0
popq_1048,3.0,,2.0,2,-1.0,2,3.0,,2.0,2,4.0,3,3.0,3.0,4.0
popq_330,1.0,,1.0,1,1.0,1,1.0,,2.0,2,2.0,2,4.0,3.0,1.0
popq_12,1.0,,1.0,1,1.0,1,1.0,,1.0,1,1.0,1,2.0,3.0,
popq_950,1.0,,1.0,1,1.0,1,1.0,,1.0,1,1.0,1,1.0,1.0,
popq_248,,2.0,2.0,2,2.0,2,,2.0,2.0,3,3.0,3,3.0,3.0,4.0
popq_551,-1.0,,2.0,1,1.0,1,2.0,,3.0,2,2.0,2,2.0,1.0,
popq_864,-1.0,1.0,1.0,1,1.0,1,2.0,1.0,1.0,2,2.0,2,2.0,3.0,3.0
popq_1492,,-1.0,1.0,1,-1.0,1,,2.0,2.0,2,2.0,2,2.0,3.0,1.0
popq_1098,1.0,,-1.0,-1,2.0,1,1.0,,2.0,2,2.0,2,2.0,1.0,4.0
popq_917,2.0,,1.0,1,1.0,1,2.0,,1.0,1,1.0,1,1.0,1.0,
popq_1386,1.0,,3.0,-1,1.0,1,1.0,,3.0,2,2.0,2,3.0,3.0,4.0
popq_271,,-1.0,1.0,-1,3.0,3,,2.0,2.0,2,3.0,2,2.0,1.0,
popq_1403,,,1.0,1,1.0,1,,,1.0,2,2.0,2,2.0,1.0,3.0
popq_1466,,-1.0,3.0,5,5.0,5,,4.0,4.0,4,5.0,4,4.0,3.0,4.0
popq_1140,,,1.0,1,1.0,1,,,1.0,1,1.0,1,2.0,1.0,
popq_983,-1.0,,1.0,1,-1.0,1,2.0,,2.0,2,2.0,2,4.0,4.0,4.0
popq_641,,1.0,2.0,-1,1.0,1,,1.0,2.0,2,1.0,1,3.0,1.0,4.0
popq_325,,,3.0,2,2.0,2,,,3.0,3,3.0,3,4.0,3.0,4.0
popq_281,,,-1.0,2,2.0,2,,,2.0,2,2.0,2,2.0,3.0,
popq_852,-1.0,-1.0,-1.0,1,1.0,1,2.0,2.0,2.0,1,1.0,2,2.0,3.0,3.0
popq_1189,1.0,,1.0,1,1.0,1,1.0,,1.0,2,2.0,1,2.0,3.0,3.0
popq_219,1.0,1.0,1.0,1,1.0,1,1.0,1.0,1.0,2,2.0,2,2.0,3.0,1.0
popq_1029,1.0,,1.0,1,1.0,1,1.0,,1.0,1,1.0,1,3.0,3.0,
popq_808,,1.0,1.0,1,1.0,1,,1.0,1.0,1,1.0,1,1.0,1.0,
popq_970,1.0,,1.0,1,1.0,1,1.0,,1.0,1,1.0,1,1.0,1.0,
popq_240,1.0,,-1.0,1,1.0,1,1.0,,2.0,1,1.0,1,1.0,1.0,1.0
popq_1200,,,-1.0,1,3.0,1,,,2.0,2,2.0,2,3.0,3.0,4.0
popq_9,1.0,,1.0,1,1.0,1,1.0,,2.0,1,1.0,1,1.0,1.0,1.0
popq_760,,-1.0,1.0,1,-1.0,1,,2.0,2.0,2,3.0,2,2.0,3.0,3.0
popq_816,,,-1.0,1,1.0,1,,,2.0,2,2.0,2,2.0,1.0,
popq_120,,,-1.0,-1,2.0,-1,,,4.0,3,3.0,3,4.0,3.0,4.0
popq_622,2.0,,-1.0,-1,-1.0,2,2.0,,3.0,3,2.0,2,1.0,3.0,3.0
popq_822,,,-1.0,1,1.0,1,,,2.0,2,2.0,2,2.0,3.0,3.0
popq_1193,1.0,-1.0,-1.0,1,1.0,1,1.0,2.0,3.0,2,1.0,2,2.0,1.0,
popq_1154,2.0,-1.0,-1.0,1,-1.0,-1,2.0,2.0,2.0,2,2.0,2,2.0,3.0,
popq_1484,,1.0,1.0,1,1.0,1,,1.0,1.0,1,1.0,1,2.0,2.0,1.0
popq_1280,,,1.0,1,1.0,1,,,1.0,1,1.0,1,1.0,1.0,
popq_607,,,1.0,1,1.0,1,,,1.0,2,2.0,2,4.0,3.0,4.0
popq_232,,2.0,-1.0,4,-1.0,4,,2.0,4.0,3,2.0,3,4.0,3.0,3.0
popq_647,,2.0,-1.0,1,-1.0,1,,2.0,2.0,2,2.0,2,2.0,3.0,
popq_1494,,3.0,1.0,1,3.0,1,,3.0,2.0,2,3.0,2,4.0,3.0,4.0
popq_1165,,1.0,1.0,1,1.0,1,,1.0,1.0,1,1.0,1,3.0,3.0,3.0
popq_639,,2.0,1.0,1,1.0,1,,2.0,2.0,1,1.0,2,2.0,3.0,1.0
popq_1322,,-1.0,4.0,1,1.0,1,,4.0,4.0,2,2.0,3,5.0,5.0,3.0
popq_1422,2.0,,2.0,2,-1.0,2,2.0,,2.0,3,4.0,3,5.0,3.0,4.0
popq_1093,1.0,1.0,1.0,1,1.0,1,1.0,1.0,1.0,1,1.0,1,2.0,1.0,
popq_156,-1.0,,2.0,2,2.0,2,2.0,,2.0,2,2.0,2,3.0,3.0,4.0
popq_590,-1.0,1.0,-1.0,1,1.0,1,2.0,1.0,2.0,1,1.0,2,3.0,3.0,
popq_1497,,1.0,1.0,-1,-1.0,1,,1.0,2.0,2,2.0,2,2.0,3.0,3.0
popq_883,1.0,1.0,1.0,1,1.0,1,1.0,1.0,1.0,1,1.0,1,1.0,3.0,
popq_369,,4.0,-1.0,3,-1.0,3,,4.0,3.0,3,3.0,3,3.0,3.0,3.0
popq_462,3.0,-1.0,3.0,-1,-1.0,-1,3.0,2.0,3.0,2,2.0,2,2.0,3.0,3.0
popq_234,,-1.0,1.0,1,1.0,1,,2.0,1.0,1,1.0,1,2.0,3.0,3.0
popq_528,,1.0,1.0,1,1.0,1,,1.0,1.0,1,1.0,1,2.0,3.0,3.0
popq_636,4.0,,4.0,5,5.0,5,4.0,,4.0,4,4.0,4,4.0,3.0,4.0
popq_1046,-1.0,5.0,1.0,1,-1.0,1,2.0,5.0,1.0,2,3.0,2,1.0,1.0,
popq_1261,,,1.0,-1,2.0,-1,,,2.0,2,2.0,2,3.0,3.0,4.0
popq_833,,-1.0,-1.0,1,1.0,1,,4.0,2.0,1,2.0,2,2.0,3.0,1.0
popq_997,3.0,2.0,-1.0,5,5.0,5,3.0,2.0,3.0,4,4.0,4,3.0,3.0,4.0
popq_1173,,2.0,1.0,1,-1.0,1,,2.0,3.0,2,2.0,2,2.0,3.0,2.0
popq_29,,5.0,-1.0,3,3.0,3,,5.0,3.0,2,3.0,3,3.0,3.0,3.0
popq_929,4.0,,-1.0,-1,3.0,-1,4.0,,2.0,2,2.0,2,2.0,3.0,3.0
popq_1418,1.0,,1.0,2,2.0,2,1.0,,1.0,2,2.0,2,2.0,3.0,
popq_840,,,-1.0,3,3.0,3,,,3.0,3,3.0,3,3.0,3.0,1.0
popq_8,,,-1.0,1,1.0,1,,,3.0,2,2.0,2,2.0,3.0,3.0
popq_1099,,1.0,1.0,1,1.0,1,,1.0,1.0,1,1.0,1,1.0,1.0,
popq_514,,2.0,1.0,1,-1.0,1,,2.0,2.0,2,2.0,2,3.0,3.0,4.0
popq_711,,2.0,1.0,1,2.0,1,,2.0,1.0,1,2.0,1,3.0,3.0,
popq_21,,1.0,1.0,1,1.0,1,,1.0,1.0,1,1.0,1,1.0,1.0,
popq_1307,1.0,-1.0,1.0,1,1.0,1,1.0,2.0,1.0,1,2.0,1,1.0,1.0,
popq_1425,1.0,2.0,1.0,1,2.0,1,1.0,2.0,1.0,1,2.0,1,1.0,1.0,
popq_239,,2.0,-1.0,5,5.0,-1,,2.0,2.0,3,4.0,3,4.0,4.0,4.0
popq_1331,1.0,1.0,1.0,-1,1.0,1,1.0,1.0,2.0,2,2.0,2,2.0,3.0,
popq_1349,,5.0,5.0,5,-1.0,5,,5.0,4.0,4,4.0,4,4.0,5.0,4.0
popq_855,1.0,,2.0,2,1.0,1,1.0,,2.0,2,2.0,2,2.0,3.0,3.0
popq_980,1.0,3.0,1.0,1,1.0,1,1.0,3.0,2.0,1,1.0,1,1.0,1.0,
popq_175,,,1.0,-1,2.0,-1,,,1.0,2,2.0,2,2.0,1.0,1.0
popq_830,1.0,2.0,1.0,1,1.0,1,1.0,2.0,2.0,2,1.0,2,1.0,1.0,1.0
popq_496,4.0,1.0,1.0,1,4.0,1,4.0,1.0,2.0,2,3.0,2,3.0,3.0,3.0
popq_1080,1.0,3.0,1.0,1,1.0,1,1.0,3.0,1.0,1,2.0,1,2.0,1.0,
popq_294,3.0,3.0,3.0,3,3.0,3,3.0,3.0,3.0,3,3.0,3,3.0,3.0,4.0
popq_4,,4.0,4.0,-1,-1.0,4,,4.0,3.0,3,3.0,3,5.0,5.0,4.0
popq_412,3.0,,1.0,1,1.0,1,3.0,,1.0,1,2.0,1,3.0,3.0,3.0
popq_70,,,-1.0,1,1.0,1,,,2.0,1,1.0,1,1.0,1.0,
popq_611,,1.0,1.0,1,1.0,1,,1.0,1.0,1,1.0,1,1.0,1.0,
popq_245,4.0,5.0,-1.0,5,5.0,5,4.0,5.0,3.0,3,4.0,4,5.0,5.0,4.0
popq_57,,1.0,1.0,1,1.0,1,,2.0,2.0,1,1.0,1,1.0,1.0,2.0
popq_534,,,1.0,1,1.0,1,,,1.0,1,1.0,1,2.0,1.0,
popq_1016,2.0,4.0,2.0,1,1.0,1,2.0,4.0,2.0,2,2.0,2,3.0,3.0,3.0
popq_342,,1.0,-1.0,1,1.0,1,,1.0,2.0,2,2.0,2,3.0,1.0,1.0
popq_1152,,,1.0,1,1.0,1,,,2.0,2,2.0,2,2.0,3.0,3.0
popq_251,1.0,,,1,1.0,1,1.0,,,1,1.0,1,2.0,1.0,
popq_1074,1.0,1.0,1.0,1,1.0,1,1.0,1.0,2.0,2,2.0,2,1.0,1.0,3.0
popq_282,,4.0,1.0,1,1.0,1,,4.0,2.0,1,1.0,2,2.0,3.0,4.0
popq_180,3.0,,-1.0,-1,-1.0,3,3.0,,3.0,3,3.0,3,3.0,3.0,4.0
popq_1453,-1.0,5.0,-1.0,-1,5.0,5,4.0,5.0,4.0,4,4.0,4,4.0,5.0,4.0
popq_889,5.0,5.0,-1.0,-1,5.0,5,5.0,5.0,4.0,4,5.0,4,4.0,4.0,4.0
popq_372,,-1.0,-1.0,2,2.0,2,,2.0,2.0,2,2.0,2,3.0,3.0,3.0
popq_296,4.0,3.0,1.0,1,1.0,1,4.0,3.0,2.0,1,2.0,2,1.0,1.0,
popq_1278,,-1.0,1.0,1,1.0,1,,2.0,1.0,1,2.0,1,2.0,3.0,3.0
popq_575,1.0,,1.0,1,1.0,1,1.0,,1.0,2,2.0,2,2.0,3.0,
popq_596,1.0,2.0,1.0,1,-1.0,1,1.0,2.0,1.0,2,2.0,2,2.0,3.0,1.0
popq_1172,-1.0,,-1.0,-1,1.0,1,2.0,,3.0,2,2.0,2,,3.0,3.0
popq_1476,,2.0,-1.0,-1,-1.0,-1,,2.0,2.0,2,2.0,2,2.0,1.0,3.0
popq_1333,,1.0,1.0,1,1.0,1,,1.0,2.0,2,2.0,2,2.0,3.0,3.0
popq_588,1.0,,1.0,1,1.0,1,1.0,,1.0,1,1.0,1,1.0,1.0,
popq_1236,,1.0,1.0,1,1.0,1,,1.0,1.0,1,1.0,1,2.0,3.0,2.0
popq_1263,4.0,5.0,5.0,-1,4.0,-1,4.0,5.0,4.0,4,4.0,4,3.0,3.0,4.0
popq_218,2.0,,1.0,2,2.0,2,2.0,,1.0,2,2.0,2,2.0,3.0,
popq_1036,1.0,,1.0,1,1.0,1,1.0,,1.0,1,1.0,1,2.0,3.0,3.0
popq_623,3.0,2.0,1.0,1,2.0,1,3.0,2.0,2.0,2,2.0,2,3.0,3.0,4.0
popq_169,,,1.0,1,1.0,1,,,1.0,1,2.0,1,2.0,1.0,
popq_75,,1.0,1.0,1,1.0,1,,1.0,1.0,1,1.0,1,1.0,1.0,
popq_81,1.0,,1.0,1,1.0,1,1.0,,1.0,1,1.0,1,1.0,1.0,1.0
popq_600,,-1.0,-1.0,3,3.0,3,,4.0,4.0,3,3.0,3,4.0,4.0,4.0
popq_418,,,1.0,1,1.0,1,,,2.0,1,1.0,1,2.0,3.0,
popq_787,,,1.0,1,1.0,1,,,1.0,1,1.0,1,2.0,3.0,1.0
popq_1364,,1.0,1.0,1,-1.0,1,,1.0,3.0,2,2.0,2,2.0,3.0,
popq_897,1.0,-1.0,-1.0,1,1.0,1,1.0,2.0,2.0,1,1.0,1,2.0,1.0,2.0
popq_36,3.0,1.0,1.0,1,1.0,1,3.0,1.0,1.0,1,2.0,2,2.0,3.0,3.0
popq_42,1.0,1.0,1.0,1,1.0,1,1.0,1.0,1.0,1,1.0,1,1.0,1.0,1.0
popq_882,1.0,1.0,1.0,1,1.0,1,1.0,1.0,2.0,2,2.0,2,1.0,1.0,
popq_1191,3.0,,2.0,2,-1.0,2,3.0,,3.0,2,2.0,3,3.0,3.0,4.0
popq_919,,,1.0,1,3.0,1,,,2.0,2,2.0,2,3.0,3.0,4.0
popq_133,1.0,-1.0,-1.0,1,1.0,1,1.0,2.0,2.0,1,1.0,1,,3.0,3.0
popq_1182,3.0,,3.0,3,,3,3.0,,4.0,4,,4,2.0,3.0,4.0
popq_948,,1.0,1.0,1,2.0,1,,1.0,1.0,2,2.0,2,2.0,3.0,
popq_303,,5.0,2.0,2,-1.0,2,,5.0,2.0,2,3.0,2,3.0,3.0,4.0
popq_1019,-1.0,,-1.0,2,-1.0,-1,3.0,,3.0,2,2.0,2,3.0,3.0,1.0
popq_341,,,1.0,1,-1.0,1,,,1.0,1,2.0,1,2.0,1.0,
popq_1274,,1.0,1.0,1,1.0,1,,1.0,2.0,2,2.0,2,4.0,3.0,1.0
popq_304,,1.0,2.0,2,1.0,2,,1.0,2.0,2,2.0,2,2.0,3.0,4.0
popq_1458,,-1.0,1.0,1,-1.0,1,,2.0,1.0,2,2.0,2,3.0,3.0,
popq_602,,1.0,1.0,1,1.0,1,,1.0,1.0,1,1.0,1,3.0,1.0,
popq_1210,2.0,2.0,2.0,-1,3.0,2,2.0,2.0,2.0,3,3.0,3,3.0,3.0,4.0
popq_109,,,2.0,2,-1.0,2,,,2.0,2,4.0,2,2.0,1.0,
popq_1105,,,1.0,1,1.0,1,,,1.0,2,2.0,2,3.0,3.0,4.0
popq_1017,3.0,,-1.0,1,1.0,1,3.0,,2.0,1,1.0,2,3.0,3.0,3.0
popq_61,,5.0,5.0,5,5.0,5,,4.0,4.0,4,4.0,4,5.0,3.0,4.0
popq_777,,3.0,1.0,1,2.0,1,,3.0,2.0,2,2.0,2,2.0,3.0,2.0
popq_74,,-1.0,3.0,-1,-1.0,3,,2.0,2.0,2,2.0,2,2.0,1.0,2.0
popq_926,,-1.0,-1.0,5,-1.0,5,,3.0,4.0,4,4.0,4,4.0,4.0,3.0
popq_652,3.0,3.0,-1.0,1,1.0,1,3.0,3.0,2.0,2,2.0,2,3.0,3.0,4.0
popq_717,,3.0,1.0,1,-1.0,1,,3.0,3.0,2,2.0,3,1.0,1.0,
popq_184,1.0,5.0,4.0,4,-1.0,-1,1.0,5.0,4.0,3,3.0,3,1.0,1.0,2.0
popq_1384,,5.0,5.0,5,-1.0,5,,5.0,5.0,4,4.0,4,4.0,4.0,4.0
popq_1389,1.0,,1.0,1,1.0,1,1.0,,1.0,1,1.0,1,1.0,1.0,
popq_360,1.0,1.0,1.0,1,1.0,1,1.0,1.0,1.0,1,1.0,1,1.0,1.0,
popq_132,,5.0,4.0,4,-1.0,4,,5.0,4.0,4,4.0,4,4.0,4.0,3.0
popq_1166,,,-1.0,1,-1.0,1,,,2.0,2,2.0,2,2.0,1.0,3.0
popq_1374,,,-1.0,1,1.0,1,,,2.0,2,2.0,2,3.0,3.0,4.0
popq_200,1.0,3.0,3.0,2,1.0,-1,2.0,3.0,3.0,2,2.0,2,3.0,3.0,4.0
popq_1175,,2.0,1.0,1,1.0,1,,2.0,1.0,2,2.0,2,2.0,3.0,
popq_1144,,1.0,1.0,1,1.0,1,,1.0,1.0,1,1.0,1,1.0,1.0,
popq_1356,,,1.0,1,-1.0,1,,,1.0,2,2.0,2,2.0,3.0,3.0
popq_1115,,2.0,1.0,1,1.0,1,,2.0,1.0,1,1.0,1,1.0,1.0,
popq_280,,,-1.0,-1,-1.0,-1,,,3.0,3,2.0,3,2.0,3.0,
popq_138,1.0,-1.0,1.0,1,1.0,1,1.0,2.0,1.0,1,1.0,1,1.0,1.0,
popq_599,,,1.0,1,1.0,1,,,2.0,2,2.0,2,2.0,3.0,4.0
popq_1190,,2.0,2.0,1,1.0,1,,2.0,2.0,2,2.0,2,2.0,3.0,3.0
popq_438,2.0,,2.0,-1,-1.0,2,2.0,,2.0,2,2.0,2,4.0,4.0,4.0
popq_481,2.0,1.0,1.0,1,1.0,1,2.0,1.0,1.0,1,1.0,1,1.0,1.0,1.0
popq_123,,4.0,1.0,1,1.0,1,,4.0,2.0,1,1.0,2,1.0,1.0,1.0
popq_1350,,1.0,1.0,1,1.0,1,,1.0,1.0,1,1.0,1,1.0,1.0,
popq_500,,1.0,1.0,1,1.0,1,,1.0,1.0,1,1.0,1,2.0,3.0,
popq_947,,1.0,1.0,1,1.0,1,,1.0,1.0,1,1.0,1,1.0,1.0,
popq_366,,1.0,1.0,1,1.0,1,,1.0,1.0,1,1.0,1,1.0,1.0,
popq_355,,1.0,1.0,-1,-1.0,1,,1.0,2.0,2,2.0,2,2.0,1.0,1.0
popq_861,1.0,1.0,1.0,1,1.0,1,1.0,1.0,1.0,1,1.0,1,1.0,1.0,
popq_320,,-1.0,1.0,1,1.0,1,,2.0,2.0,2,1.0,2,2.0,3.0,
popq_521,,,2.0,1,1.0,1,,,2.0,2,2.0,2,2.0,2.0,
popq_1053,1.0,3.0,1.0,1,-1.0,1,1.0,3.0,2.0,2,2.0,2,2.0,1.0,3.0
popq_797,-1.0,1.0,1.0,1,1.0,1,2.0,1.0,1.0,1,1.0,1,2.0,1.0,
popq_406,,2.0,1.0,1,1.0,1,,2.0,1.0,2,2.0,2,2.0,3.0,
popq_848,,-1.0,1.0,1,1.0,1,,2.0,1.0,1,1.0,1,1.0,1.0,
popq_1134,,1.0,1.0,1,1.0,1,,1.0,1.0,1,1.0,1,2.0,3.0,1.0
popq_915,,5.0,1.0,1,-1.0,1,,5.0,2.0,2,2.0,2,3.0,3.0,1.0
popq_174,,,1.0,1,1.0,1,,,1.0,1,1.0,1,2.0,3.0,
popq_1183,2.0,,-1.0,-1,-1.0,2,2.0,,2.0,2,2.0,2,2.0,1.0,1.0
popq_1415,,3.0,-1.0,-1,-1.0,-1,,3.0,2.0,2,2.0,2,3.0,3.0,3.0
popq_743,2.0,4.0,2.0,2,2.0,2,2.0,4.0,3.0,3,2.0,3,2.0,3.0,3.0
popq_715,,-1.0,1.0,1,-1.0,1,,2.0,2.0,2,3.0,2,4.0,3.0,4.0
popq_1119,1.0,3.0,1.0,1,-1.0,1,1.0,3.0,1.0,1,2.0,1,1.0,1.0,
popq_165,,,1.0,1,1.0,1,,,1.0,1,1.0,1,1.0,1.0,
popq_1151,,1.0,-1.0,1,1.0,1,,1.0,2.0,2,1.0,2,2.0,1.0,
popq_934,,,-1.0,1,1.0,1,,,2.0,1,1.0,1,2.0,1.0,
popq_990,2.0,1.0,1.0,2,2.0,2,2.0,1.0,1.0,2,2.0,2,2.0,3.0,
popq_1279,,,2.0,2,2.0,2,,,2.0,2,2.0,2,3.0,3.0,4.0
popq_1323,,,2.0,2,2.0,2,,,2.0,2,2.0,2,4.0,4.0,3.0
popq_400,5.0,1.0,1.0,1,1.0,1,5.0,1.0,1.0,1,2.0,2,2.0,3.0,
popq_632,,-1.0,-1.0,-1,3.0,2,,3.0,2.0,2,3.0,2,3.0,3.0,3.0
popq_431,,3.0,1.0,1,2.0,1,,3.0,1.0,2,2.0,2,3.0,4.0,3.0
popq_224,,-1.0,1.0,1,1.0,1,,2.0,1.0,1,1.0,1,2.0,3.0,
popq_779,,3.0,1.0,1,1.0,1,,3.0,2.0,2,2.0,2,2.0,3.0,1.0
popq_139,,-1.0,-1.0,3,1.0,-1,,3.0,4.0,3,2.0,3,3.0,3.0,4.0
popq_1047,5.0,5.0,5.0,5,5.0,5,5.0,5.0,4.0,3,4.0,4,5.0,5.0,5.0
popq_381,,3.0,3.0,1,1.0,1,,3.0,3.0,2,2.0,2,2.0,3.0,
popq_1383,3.0,1.0,1.0,1,1.0,1,3.0,1.0,2.0,2,1.0,2,2.0,1.0,
popq_380,,,-1.0,1,5.0,1,,,2.0,3,4.0,3,3.0,3.0,4.0
popq_1329,-1.0,1.0,1.0,-1,-1.0,-1,2.0,1.0,2.0,2,2.0,2,3.0,3.0,3.0
popq_34,,2.0,2.0,1,1.0,-1,,2.0,3.0,2,1.0,2,4.0,4.0,4.0
popq_1406,,1.0,1.0,1,-1.0,1,,3.0,1.0,1,3.0,2,2.0,3.0,3.0
popq_1292,-1.0,,3.0,-1,1.0,-1,4.0,,4.0,3,3.0,3,5.0,4.0,4.0
popq_63,2.0,-1.0,-1.0,-1,-1.0,3,2.0,3.0,3.0,2,2.0,3,5.0,4.0,4.0
popq_1430,,1.0,1.0,1,1.0,1,,1.0,1.0,1,1.0,1,1.0,1.0,
popq_583,1.0,-1.0,1.0,1,1.0,1,1.0,2.0,1.0,1,1.0,1,2.0,1.0,3.0
popq_1378,,1.0,-1.0,1,1.0,1,,1.0,2.0,1,1.0,1,2.0,2.0,
popq_1325,,1.0,1.0,1,1.0,1,,1.0,1.0,1,1.0,1,1.0,1.0,
popq_492,,1.0,1.0,1,1.0,1,,1.0,1.0,2,2.0,2,1.0,1.0,1.0
popq_205,,1.0,1.0,1,1.0,1,,1.0,1.0,2,2.0,2,1.0,1.0,
popq_1049,-1.0,,-1.0,-1,-1.0,-1,2.0,,3.0,3,2.0,3,4.0,4.0,4.0
popq_901,,5.0,5.0,-1,-1.0,5,,5.0,4.0,3,4.0,4,4.0,4.0,4.0
popq_565,1.0,,3.0,3,1.0,-1,1.0,,3.0,4,1.0,3,2.0,1.0,3.0
popq_159,5.0,5.0,5.0,2,-1.0,5,4.0,5.0,5.0,2,3.0,3,1.0,1.0,
popq_247,,1.0,1.0,1,1.0,1,,1.0,1.0,1,1.0,1,1.0,1.0,
popq_1337,2.0,,,1,1.0,1,2.0,,,1,1.0,1,1.0,1.0,
popq_1465,,1.0,1.0,1,1.0,1,,1.0,1.0,1,1.0,1,1.0,1.0,
popq_529,,-1.0,1.0,1,1.0,1,,2.0,1.0,1,1.0,1,2.0,3.0,
popq_474,,-1.0,3.0,-1,1.0,-1,,2.0,2.0,2,2.0,2,2.0,1.0,4.0
popq_1234,,2.0,2.0,-1,1.0,2,,2.0,2.0,2,2.0,2,2.0,3.0,3.0
popq_375,,-1.0,1.0,1,1.0,1,,4.0,1.0,1,2.0,2,3.0,3.0,
popq_540,1.0,1.0,1.0,1,1.0,1,1.0,1.0,2.0,2,2.0,2,3.0,3.0,4.0
popq_794,1.0,-1.0,1.0,1,1.0,1,1.0,2.0,1.0,1,1.0,1,2.0,3.0,
popq_906,,4.0,1.0,1,1.0,1,,4.0,2.0,2,1.0,2,2.0,3.0,
popq_107,1.0,,1.0,1,1.0,1,1.0,,1.0,1,1.0,1,1.0,1.0,
popq_414,,1.0,1.0,-1,-1.0,1,,1.0,3.0,3,2.0,3,3.0,3.0,3.0
popq_136,,,1.0,1,1.0,1,,,2.0,2,1.0,2,2.0,1.0,
popq_1416,,-1.0,1.0,1,-1.0,1,,3.0,2.0,1,2.0,2,1.0,3.0,
popq_986,1.0,,1.0,1,1.0,1,1.0,,1.0,1,1.0,1,1.0,1.0,
popq_220,,,1.0,1,1.0,1,,,1.0,2,2.0,2,2.0,1.0,
popq_1104,,2.0,-1.0,3,3.0,3,,2.0,2.0,2,3.0,2,3.0,3.0,3.0
popq_778,,1.0,1.0,1,1.0,1,,1.0,1.0,1,1.0,1,2.0,1.0,3.0
popq_1437,,1.0,-1.0,1,1.0,1,,1.0,2.0,1,1.0,1,2.0,3.0,
popq_803,2.0,4.0,2.0,3,-1.0,-1,2.0,4.0,2.0,3,3.0,3,4.0,3.0,4.0
popq_1301,-1.0,2.0,1.0,1,2.0,-1,2.0,2.0,1.0,1,2.0,2,3.0,3.0,4.0
popq_171,,1.0,,5,5.0,5,,1.0,,4,3.0,3,2.0,3.0,4.0
popq_1178,,,2.0,2,2.0,2,,,2.0,2,2.0,2,2.0,3.0,3.0
popq_111,1.0,2.0,1.0,1,1.0,1,1.0,2.0,1.0,1,1.0,1,1.0,1.0,
popq_1033,1.0,3.0,1.0,1,1.0,1,1.0,3.0,2.0,1,1.0,1,2.0,1.0,
popq_1054,1.0,1.0,1.0,1,1.0,1,1.0,1.0,2.0,2,1.0,2,4.0,1.0,
popq_203,5.0,1.0,-1.0,1,-1.0,1,5.0,1.0,2.0,3,3.0,3,5.0,3.0,4.0
popq_695,3.0,,2.0,-1,-1.0,-1,3.0,,3.0,3,3.0,3,3.0,3.0,3.0
popq_975,2.0,3.0,2.0,2,-1.0,2,2.0,3.0,2.0,2,2.0,2,3.0,3.0,4.0
popq_1446,1.0,1.0,1.0,1,1.0,1,1.0,1.0,1.0,1,1.0,1,1.0,1.0,
popq_1216,,2.0,-1.0,3,-1.0,-1,,2.0,2.0,2,2.0,2,3.0,3.0,4.0
popq_1433,,,1.0,1,1.0,1,,,1.0,1,1.0,1,2.0,1.0,
popq_923,,-1.0,4.0,1,1.0,1,,3.0,3.0,2,2.0,2,1.0,1.0,
popq_537,,1.0,1.0,1,1.0,1,,1.0,1.0,1,1.0,1,2.0,3.0,
popq_894,1.0,-1.0,-1.0,-1,1.0,1,1.0,2.0,2.0,2,1.0,2,3.0,3.0,
popq_346,,,1.0,1,-1.0,1,,,1.0,1,2.0,1,2.0,1.0,
popq_108,,-1.0,1.0,1,1.0,1,,2.0,1.0,1,1.0,1,1.0,1.0,
popq_687,1.0,-1.0,1.0,1,1.0,1,1.0,3.0,2.0,1,2.0,2,1.0,3.0,
popq_1431,4.0,,-1.0,4,4.0,4,4.0,,3.0,3,3.0,3,4.0,4.0,4.0
popq_1061,1.0,,1.0,1,1.0,1,1.0,,1.0,2,2.0,2,4.0,3.0,4.0
popq_24,1.0,,1.0,1,-1.0,1,1.0,,1.0,1,2.0,1,1.0,1.0,
popq_82,1.0,,1.0,1,1.0,1,1.0,,1.0,1,1.0,1,1.0,1.0,
popq_1394,1.0,,1.0,1,1.0,1,1.0,,1.0,1,1.0,1,1.0,1.0,
popq_1023,2.0,1.0,1.0,1,-1.0,1,2.0,1.0,1.0,2,3.0,2,2.0,3.0,
popq_676,-1.0,2.0,-1.0,5,-1.0,5,4.0,2.0,4.0,4,3.0,3,5.0,5.0,4.0
popq_1287,,,1.0,1,1.0,1,,,1.0,1,1.0,1,1.0,,
popq_501,,1.0,1.0,1,1.0,1,,1.0,2.0,1,1.0,1,2.0,1.0,
popq_531,1.0,1.0,1.0,1,1.0,1,1.0,1.0,1.0,1,1.0,1,1.0,1.0,4.0
popq_1217,3.0,,-1.0,-1,3.0,3,3.0,,4.0,4,4.0,4,4.0,4.0,4.0
popq_1318,,1.0,1.0,1,1.0,1,,1.0,2.0,2,2.0,2,2.0,1.0,
popq_449,,1.0,1.0,1,1.0,1,,1.0,1.0,1,2.0,1,2.0,3.0,
popq_1240,1.0,1.0,1.0,1,1.0,1,1.0,1.0,1.0,1,1.0,1,1.0,1.0,
popq_733,,1.0,1.0,1,1.0,1,,1.0,1.0,1,1.0,1,1.0,1.0,
popq_1225,,-1.0,1.0,1,1.0,1,,2.0,1.0,1,2.0,2,1.0,2.0,
popq_1298,1.0,,1.0,1,1.0,1,1.0,,1.0,1,1.0,1,2.0,1.0,
popq_1472,,-1.0,1.0,1,-1.0,1,,2.0,2.0,2,2.0,2,2.0,3.0,4.0
popq_1285,,,1.0,1,1.0,1,,,1.0,1,1.0,1,2.0,1.0,1.0
popq_155,,3.0,3.0,3,3.0,3,,3.0,2.0,3,3.0,3,3.0,4.0,4.0
popq_1275,,,1.0,1,1.0,1,,,2.0,1,1.0,1,1.0,1.0,
popq_662,1.0,1.0,1.0,1,1.0,1,1.0,1.0,1.0,1,1.0,1,1.0,1.0,
popq_644,1.0,3.0,-1.0,2,-1.0,1,1.0,3.0,3.0,2,2.0,2,2.0,3.0,3.0
popq_1211,,4.0,1.0,1,1.0,1,,4.0,1.0,1,2.0,1,4.0,1.0,3.0
popq_758,,3.0,-1.0,-1,-1.0,-1,,3.0,2.0,2,2.0,2,4.0,3.0,4.0
popq_368,,-1.0,2.0,-1,1.0,-1,,2.0,2.0,2,1.0,2,2.0,3.0,3.0
popq_940,,2.0,1.0,1,1.0,1,,2.0,1.0,1,1.0,1,2.0,3.0,
popq_1490,,1.0,1.0,1,1.0,1,,1.0,1.0,1,1.0,1,2.0,1.0,
popq_317,1.0,,1.0,1,4.0,1,1.0,,1.0,2,3.0,2,3.0,3.0,3.0
popq_704,1.0,3.0,1.0,1,1.0,1,1.0,3.0,2.0,1,1.0,1,1.0,1.0,
popq_379,4.0,4.0,1.0,1,-1.0,1,4.0,4.0,2.0,2,3.0,2,2.0,1.0,1.0
popq_46,,1.0,1.0,1,1.0,1,,1.0,1.0,1,1.0,1,1.0,1.0,
popq_1106,,5.0,2.0,2,5.0,-1,,5.0,3.0,3,4.0,3,3.0,4.0,4.0
popq_1339,,,1.0,1,1.0,1,,,2.0,2,1.0,2,2.0,3.0,1.0
popq_1272,,-1.0,1.0,1,1.0,1,,2.0,2.0,2,2.0,2,2.0,3.0,
popq_377,2.0,,1.0,1,4.0,1,2.0,,1.0,2,3.0,2,4.0,3.0,4.0
popq_391,2.0,,3.0,-1,-1.0,-1,2.0,,2.0,2,2.0,2,3.0,3.0,1.0
popq_1220,-1.0,,1.0,1,1.0,1,2.0,,2.0,2,2.0,2,2.0,3.0,
popq_603,-1.0,1.0,1.0,1,1.0,1,2.0,1.0,1.0,1,1.0,1,1.0,3.0,
popq_130,,-1.0,2.0,2,1.0,-1,,2.0,2.0,2,2.0,2,3.0,3.0,4.0
popq_403,,,1.0,1,1.0,1,,,1.0,1,1.0,1,2.0,1.0,
popq_942,4.0,-1.0,1.0,1,1.0,1,4.0,2.0,2.0,1,2.0,2,2.0,1.0,
popq_18,,,1.0,1,1.0,1,,,1.0,1,1.0,1,1.0,1.0,
popq_729,1.0,,-1.0,1,1.0,1,1.0,,2.0,2,1.0,2,2.0,3.0,
popq_1385,,3.0,-1.0,1,1.0,1,,3.0,2.0,2,2.0,2,2.0,,3.0
popq_475,2.0,1.0,1.0,1,-1.0,1,2.0,1.0,1.0,2,2.0,2,2.0,1.0,
popq_1238,3.0,1.0,-1.0,3,3.0,3,3.0,1.0,2.0,3,2.0,2,3.0,3.0,2.0
popq_939,,,1.0,1,1.0,1,,,2.0,2,1.0,2,2.0,3.0,3.0
popq_1456,,,1.0,1,1.0,1,,,1.0,1,1.0,1,1.0,3.0,1.0
popq_772,,1.0,1.0,1,1.0,1,,1.0,1.0,1,1.0,1,2.0,3.0,
popq_1085,3.0,1.0,1.0,1,1.0,1,3.0,1.0,2.0,1,1.0,2,2.0,3.0,3.0
popq_849,1.0,1.0,-1.0,1,1.0,1,1.0,2.0,2.0,1,1.0,1,2.0,3.0,1.0
popq_661,-1.0,3.0,3.0,-1,-1.0,-1,3.0,3.0,3.0,2,2.0,3,2.0,3.0,4.0
popq_160,,1.0,1.0,1,1.0,1,,1.0,1.0,1,1.0,1,2.0,3.0,
popq_1136,3.0,2.0,1.0,1,3.0,1,3.0,2.0,1.0,2,2.0,2,1.0,1.0,3.0
popq_399,,1.0,-1.0,2,-1.0,2,,1.0,3.0,3,2.0,3,3.0,4.0,3.0
popq_397,,1.0,1.0,1,1.0,1,,1.0,1.0,1,1.0,1,1.0,1.0,
popq_802,,,1.0,1,1.0,1,,,2.0,1,1.0,1,2.0,2.0,
popq_461,,1.0,1.0,1,1.0,1,,1.0,1.0,1,1.0,1,1.0,1.0,
popq_886,-1.0,1.0,-1.0,-1,2.0,1,2.0,1.0,2.0,2,2.0,2,2.0,3.0,1.0
popq_1303,1.0,1.0,1.0,-1,1.0,1,1.0,1.0,2.0,2,1.0,2,2.0,3.0,1.0
popq_813,2.0,2.0,-1.0,3,3.0,-1,2.0,2.0,3.0,4,3.0,3,4.0,4.0,4.0
popq_364,,,1.0,1,1.0,1,,,2.0,2,2.0,2,2.0,3.0,3.0
popq_127,1.0,-1.0,1.0,1,1.0,1,1.0,2.0,2.0,2,1.0,2,2.0,1.0,
popq_193,,,1.0,1,1.0,1,,,1.0,1,2.0,1,3.0,3.0,3.0
popq_1319,,2.0,2.0,1,1.0,1,,2.0,2.0,1,1.0,1,2.0,1.0,
popq_150,,1.0,1.0,1,1.0,1,,1.0,1.0,1,1.0,1,2.0,1.0,
popq_442,4.0,1.0,2.0,2,-1.0,2,4.0,1.0,2.0,2,2.0,2,3.0,3.0,
popq_865,1.0,1.0,1.0,1,1.0,1,1.0,1.0,2.0,2,1.0,1,1.0,1.0,
popq_437,,1.0,1.0,1,1.0,1,,1.0,1.0,1,1.0,1,2.0,1.0,3.0
popq_314,,1.0,-1.0,2,2.0,2,,1.0,2.0,2,2.0,2,2.0,3.0,4.0
popq_276,3.0,1.0,1.0,1,1.0,1,3.0,1.0,1.0,2,2.0,2,3.0,3.0,3.0
popq_1296,1.0,1.0,1.0,1,1.0,1,1.0,1.0,1.0,1,1.0,1,1.0,1.0,
popq_1239,,1.0,3.0,3,5.0,3,,1.0,2.0,3,4.0,3,4.0,4.0,4.0
popq_480,,1.0,1.0,1,1.0,1,,2.0,2.0,2,2.0,2,3.0,1.0,3.0
popq_250,1.0,1.0,1.0,1,1.0,1,1.0,1.0,1.0,1,1.0,1,1.0,1.0,
popq_941,,1.0,1.0,1,1.0,1,,1.0,1.0,1,1.0,1,1.0,3.0,
popq_463,,1.0,1.0,1,1.0,1,,1.0,1.0,1,1.0,1,1.0,3.0,
popq_290,,5.0,2.0,2,1.0,2,,5.0,2.0,2,2.0,2,2.0,3.0,4.0
popq_1000,1.0,1.0,1.0,1,1.0,1,1.0,1.0,1.0,1,1.0,1,1.0,1.0,
popq_1481,,2.0,1.0,1,1.0,1,,2.0,2.0,2,1.0,2,1.0,3.0,
popq_621,,1.0,1.0,1,1.0,1,,1.0,1.0,1,1.0,1,1.0,1.0,
popq_1357,,,1.0,1,1.0,1,,,2.0,2,2.0,2,3.0,3.0,2.0
popq_649,1.0,4.0,-1.0,5,5.0,5,1.0,4.0,3.0,3,4.0,3,4.0,4.0,4.0
popq_928,,,1.0,1,1.0,1,,,1.0,2,2.0,2,3.0,3.0,1.0
popq_390,3.0,4.0,-1.0,1,1.0,1,3.0,4.0,4.0,2,2.0,3,2.0,3.0,
popq_1332,,3.0,-1.0,1,-1.0,1,,3.0,2.0,2,2.0,2,2.0,3.0,3.0
popq_1493,,,2.0,2,-1.0,2,,,2.0,2,2.0,2,4.0,3.0,4.0
popq_1018,2.0,-1.0,1.0,1,1.0,1,2.0,2.0,1.0,1,2.0,2,2.0,1.0,1.0
popq_1314,5.0,,-1.0,3,3.0,3,5.0,,4.0,3,3.0,3,4.0,4.0,4.0
popq_1449,,,1.0,1,1.0,1,,,1.0,1,1.0,1,2.0,1.0,
popq_333,,-1.0,-1.0,1,1.0,1,,3.0,2.0,2,1.0,2,2.0,3.0,4.0
popq_1157,,,-1.0,1,1.0,1,,,2.0,2,1.0,2,1.0,3.0,3.0
popq_1095,1.0,,1.0,1,1.0,1,1.0,,1.0,1,1.0,1,1.0,3.0,
popq_1249,,1.0,-1.0,-1,1.0,1,,1.0,2.0,2,1.0,2,2.0,3.0,
popq_1024,-1.0,-1.0,-1.0,1,1.0,1,2.0,2.0,3.0,1,1.0,2,3.0,3.0,4.0
popq_1188,1.0,1.0,1.0,1,1.0,1,1.0,1.0,1.0,1,1.0,1,1.0,1.0,1.0
popq_1163,,1.0,-1.0,2,1.0,1,,1.0,2.0,2,1.0,2,2.0,1.0,3.0
popq_726,1.0,1.0,1.0,1,1.0,1,1.0,1.0,1.0,2,2.0,2,1.0,1.0,
popq_316,,,1.0,1,-1.0,1,,,1.0,2,2.0,2,2.0,3.0,3.0
popq_32,,,1.0,1,1.0,1,,,1.0,1,1.0,1,1.0,1.0,
popq_186,1.0,1.0,1.0,-1,1.0,1,1.0,1.0,1.0,2,2.0,2,2.0,1.0,2.0
popq_279,3.0,1.0,1.0,1,1.0,1,3.0,1.0,1.0,1,2.0,1,2.0,1.0,
popq_1185,1.0,4.0,1.0,1,1.0,1,1.0,4.0,2.0,1,1.0,1,1.0,1.0,
popq_1246,,1.0,1.0,1,1.0,1,,1.0,2.0,1,1.0,1,2.0,1.0,1.0
popq_731,3.0,,1.0,1,1.0,1,3.0,,1.0,1,2.0,2,2.0,3.0,
popq_862,1.0,3.0,-1.0,1,1.0,1,1.0,3.0,2.0,2,2.0,2,3.0,4.0,4.0
popq_1361,,4.0,3.0,3,-1.0,3,,4.0,3.0,3,3.0,3,2.0,3.0,2.0
popq_488,,-1.0,1.0,1,3.0,-1,,4.0,2.0,2,3.0,2,3.0,3.0,3.0
popq_1052,1.0,1.0,1.0,2,-1.0,1,1.0,1.0,2.0,2,2.0,2,3.0,3.0,3.0
popq_750,,1.0,1.0,1,1.0,1,,1.0,1.0,1,1.0,1,1.0,1.0,
popq_638,,,-1.0,3,3.0,3,,,4.0,3,3.0,3,3.0,3.0,4.0
popq_1334,,,2.0,2,-1.0,2,,,3.0,3,2.0,3,3.0,3.0,
popq_1117,,3.0,1.0,1,3.0,1,,3.0,1.0,2,2.0,2,2.0,3.0,4.0
popq_405,,-1.0,1.0,1,-1.0,1,,3.0,1.0,2,2.0,2,2.0,3.0,4.0
popq_512,,2.0,-1.0,1,2.0,2,,2.0,2.0,2,2.0,2,2.0,3.0,4.0
popq_1067,1.0,-1.0,1.0,1,1.0,1,1.0,2.0,1.0,1,1.0,1,1.0,1.0,
popq_1149,1.0,,1.0,1,1.0,1,1.0,,1.0,1,1.0,1,1.0,1.0,
popq_302,-1.0,,2.0,-1,1.0,-1,2.0,,2.0,2,2.0,2,2.0,3.0,
popq_1214,,1.0,1.0,1,1.0,1,,1.0,1.0,1,1.0,1,1.0,1.0,
popq_65,3.0,,1.0,1,1.0,1,3.0,,1.0,1,2.0,2,2.0,3.0,
popq_973,1.0,1.0,1.0,1,1.0,1,1.0,1.0,2.0,2,2.0,2,2.0,1.0,
popq_591,4.0,1.0,-1.0,-1,-1.0,1,4.0,1.0,2.0,2,2.0,2,3.0,3.0,2.0
popq_119,,-1.0,-1.0,-1,2.0,2,,3.0,3.0,2,2.0,2,5.0,3.0,3.0
popq_1059,3.0,,5.0,5,-1.0,5,3.0,,4.0,4,3.0,4,4.0,4.0,4.0
popq_16,1.0,,-1.0,1,1.0,1,1.0,,2.0,2,2.0,2,3.0,3.0,
popq_1051,1.0,1.0,1.0,1,1.0,1,1.0,1.0,1.0,1,1.0,1,1.0,1.0,
popq_145,,,1.0,1,1.0,1,,,2.0,2,1.0,2,2.0,1.0,3.0
popq_244,1.0,,3.0,1,1.0,1,1.0,,2.0,2,1.0,2,2.0,3.0,
popq_1030,1.0,1.0,1.0,1,1.0,1,1.0,1.0,1.0,1,1.0,1,1.0,1.0,
popq_799,,5.0,1.0,1,2.0,1,,5.0,2.0,2,2.0,2,3.0,3.0,3.0
popq_1267,1.0,,1.0,1,1.0,1,1.0,,1.0,1,2.0,1,1.0,1.0,1.0
popq_312,1.0,4.0,1.0,1,1.0,1,1.0,4.0,2.0,1,1.0,2,1.0,1.0,2.0
popq_0,3.0,,1.0,1,1.0,1,3.0,,1.0,1,2.0,1,1.0,1.0,
popq_850,-1.0,-1.0,-1.0,1,1.0,1,2.0,2.0,2.0,2,2.0,2,2.0,3.0,
popq_740,1.0,1.0,-1.0,-1,1.0,1,1.0,1.0,2.0,2,1.0,1,2.0,3.0,2.0
popq_716,,4.0,-1.0,1,-1.0,-1,,4.0,3.0,2,2.0,3,2.0,3.0,3.0
popq_1439,,4.0,-1.0,1,1.0,1,,4.0,2.0,2,2.0,2,3.0,3.0,4.0
popq_140,,1.0,-1.0,-1,4.0,-1,,1.0,2.0,3,3.0,2,4.0,3.0,3.0
popq_832,,-1.0,1.0,1,1.0,1,,2.0,2.0,1,2.0,2,2.0,1.0,
popq_1250,,,1.0,1,1.0,1,,,1.0,1,1.0,1,2.0,3.0,
popq_533,-1.0,1.0,-1.0,-1,1.0,1,2.0,1.0,2.0,2,2.0,2,1.0,1.0,
popq_334,1.0,3.0,1.0,1,-1.0,1,1.0,3.0,2.0,2,3.0,2,2.0,3.0,1.0
popq_1043,-1.0,,-1.0,1,1.0,1,2.0,,2.0,2,2.0,2,2.0,3.0,2.0
popq_94,1.0,,1.0,1,1.0,1,1.0,,1.0,1,1.0,1,1.0,1.0,
popq_585,-1.0,-1.0,-1.0,1,1.0,1,2.0,2.0,2.0,1,1.0,1,1.0,1.0,
popq_467,,1.0,1.0,3,-1.0,1,,1.0,2.0,2,2.0,2,2.0,1.0,1.0
popq_741,,-1.0,1.0,1,1.0,1,,2.0,1.0,1,1.0,1,2.0,1.0,
popq_703,3.0,3.0,-1.0,2,3.0,3,3.0,3.0,3.0,3,3.0,3,2.0,3.0,4.0
popq_738,,1.0,1.0,1,1.0,1,,1.0,1.0,1,1.0,1,1.0,3.0,
popq_77,3.0,3.0,-1.0,5,5.0,5,3.0,3.0,4.0,4,4.0,4,3.0,3.0,4.0
popq_178,,1.0,1.0,1,1.0,1,,1.0,1.0,1,1.0,1,1.0,1.0,
popq_1380,,1.0,-1.0,1,1.0,1,,1.0,2.0,1,1.0,1,1.0,3.0,
popq_1063,1.0,1.0,1.0,-1,-1.0,1,1.0,1.0,2.0,2,2.0,2,1.0,3.0,
popq_233,1.0,1.0,1.0,-1,-1.0,1,1.0,1.0,2.0,2,2.0,2,3.0,3.0,
popq_1111,,1.0,-1.0,-1,-1.0,-1,,1.0,4.0,4,3.0,4,3.0,3.0,4.0
popq_293,,5.0,-1.0,4,4.0,4,,5.0,3.0,3,4.0,3,4.0,4.0,4.0
popq_669,,2.0,-1.0,1,1.0,1,,2.0,2.0,1,1.0,1,2.0,3.0,
popq_587,5.0,5.0,5.0,-1,-1.0,5,5.0,5.0,4.0,3,3.0,3,4.0,4.0,4.0
popq_228,,5.0,-1.0,1,1.0,1,,5.0,3.0,2,2.0,3,3.0,3.0,3.0
popq_26,,1.0,1.0,1,1.0,1,,2.0,2.0,1,1.0,1,1.0,1.0,
popq_692,1.0,1.0,1.0,1,1.0,1,1.0,1.0,2.0,1,1.0,1,2.0,1.0,4.0
popq_1114,,,1.0,1,1.0,1,,,1.0,1,1.0,1,1.0,1.0,
popq_208,,1.0,1.0,1,1.0,1,,1.0,2.0,2,1.0,2,2.0,3.0,
popq_129,,3.0,1.0,1,1.0,1,,3.0,1.0,1,1.0,1,2.0,3.0,2.0
popq_697,-1.0,-1.0,2.0,-1,-1.0,2,4.0,4.0,3.0,2,2.0,3,2.0,3.0,2.0
popq_105,,3.0,3.0,-1,4.0,3,,3.0,3.0,3,3.0,3,2.0,3.0,
popq_115,,1.0,1.0,1,1.0,1,,1.0,1.0,1,1.0,1,1.0,1.0,
popq_684,1.0,,1.0,1,1.0,1,1.0,,1.0,1,1.0,1,1.0,1.0,
popq_1143,,2.0,-1.0,-1,2.0,2,,2.0,2.0,2,2.0,2,2.0,3.0,
popq_508,,,-1.0,1,1.0,1,,,2.0,2,2.0,2,2.0,3.0,
popq_41,1.0,3.0,1.0,1,1.0,1,1.0,3.0,1.0,1,1.0,1,1.0,1.0,
popq_847,-1.0,1.0,1.0,1,1.0,1,2.0,1.0,1.0,1,1.0,1,1.0,1.0,
popq_1145,,1.0,1.0,1,1.0,1,,1.0,2.0,2,1.0,2,2.0,3.0,3.0
popq_553,1.0,1.0,1.0,1,1.0,1,1.0,1.0,1.0,1,1.0,1,1.0,1.0,
popq_494,,-1.0,4.0,2,2.0,-1,,4.0,4.0,3,3.0,3,2.0,3.0,
popq_966,1.0,,1.0,1,1.0,1,1.0,,1.0,1,1.0,1,2.0,3.0,
popq_66,,,1.0,1,-1.0,1,,,2.0,2,2.0,2,2.0,3.0,
popq_819,,5.0,3.0,3,5.0,3,,5.0,3.0,3,4.0,4,5.0,3.0,4.0
popq_1077,5.0,1.0,-1.0,3,-1.0,-1,5.0,1.0,3.0,3,2.0,3,2.0,3.0,3.0
popq_483,,1.0,1.0,1,1.0,1,,1.0,1.0,1,1.0,1,1.0,1.0,
popq_69,4.0,,-1.0,1,1.0,1,4.0,,3.0,2,2.0,2,2.0,1.0,
popq_685,2.0,-1.0,-1.0,1,1.0,1,2.0,2.0,2.0,1,2.0,2,1.0,1.0,
popq_1118,,1.0,1.0,1,,1,,1.0,1.0,2,,1,2.0,3.0,
popq_1470,,1.0,-1.0,1,1.0,1,,1.0,2.0,2,1.0,2,1.0,3.0,1.0
popq_976,-1.0,5.0,2.0,2,-1.0,2,2.0,5.0,2.0,2,2.0,2,2.0,3.0,3.0
popq_825,2.0,1.0,1.0,1,-1.0,1,2.0,1.0,2.0,2,2.0,2,1.0,1.0,
popq_1013,1.0,,1.0,1,1.0,1,1.0,,1.0,1,1.0,1,1.0,1.0,
popq_1256,,3.0,-1.0,-1,3.0,3,,3.0,2.0,2,2.0,2,2.0,3.0,
popq_1442,,4.0,1.0,1,-1.0,1,,4.0,2.0,2,2.0,2,4.0,3.0,4.0
popq_1235,,,1.0,1,1.0,1,,,1.0,2,2.0,2,3.0,3.0,3.0
popq_784,2.0,-1.0,-1.0,1,1.0,1,2.0,2.0,3.0,2,2.0,2,2.0,3.0,4.0
popq_1110,,,1.0,1,1.0,1,,,1.0,1,1.0,1,1.0,1.0,
popq_1102,4.0,4.0,4.0,1,1.0,1,4.0,4.0,3.0,1,2.0,2,3.0,3.0,1.0
popq_1269,1.0,1.0,-1.0,-1,1.0,1,1.0,1.0,2.0,3,2.0,2,2.0,3.0,3.0
popq_469,2.0,1.0,1.0,1,1.0,1,2.0,1.0,1.0,1,1.0,1,2.0,1.0,
popq_151,-1.0,,1.0,-1,-1.0,-1,2.0,,2.0,3,4.0,3,4.0,4.0,4.0
popq_589,1.0,1.0,1.0,1,1.0,1,1.0,1.0,1.0,1,1.0,1,2.0,1.0,3.0
popq_5,-1.0,,-1.0,-1,-1.0,1,2.0,,2.0,2,3.0,2,2.0,3.0,
popq_780,,3.0,1.0,1,-1.0,1,,3.0,1.0,1,2.0,2,3.0,3.0,3.0
popq_1184,2.0,-1.0,2.0,5,5.0,-1,2.0,4.0,3.0,4,4.0,4,4.0,3.0,3.0
popq_1457,,,-1.0,3,3.0,3,,,3.0,3,3.0,3,3.0,3.0,4.0
popq_472,,1.0,1.0,1,1.0,1,,1.0,1.0,1,1.0,1,1.0,1.0,
popq_943,1.0,,1.0,1,1.0,1,1.0,,1.0,1,1.0,1,2.0,1.0,
popq_62,,,-1.0,1,-1.0,1,,,2.0,2,2.0,2,3.0,3.0,3.0
popq_1316,,,1.0,1,1.0,1,,,1.0,2,2.0,2,2.0,3.0,3.0
popq_482,,1.0,1.0,1,-1.0,1,,1.0,1.0,2,3.0,1,1.0,1.0,
popq_58,-1.0,1.0,1.0,1,-1.0,1,2.0,1.0,2.0,2,2.0,2,1.0,1.0,
popq_550,2.0,5.0,2.0,-1,-1.0,2,2.0,5.0,3.0,2,2.0,2,1.0,1.0,
popq_683,1.0,,1.0,1,1.0,1,1.0,,2.0,2,1.0,1,1.0,1.0,
popq_238,,4.0,4.0,4,4.0,4,,4.0,4.0,3,3.0,3,5.0,4.0,4.0
popq_25,,1.0,1.0,1,1.0,1,,1.0,1.0,1,1.0,1,1.0,1.0,1.0
popq_818,,-1.0,1.0,1,5.0,1,,4.0,2.0,2,4.0,3,2.0,3.0,1.0
popq_893,3.0,2.0,-1.0,1,1.0,-1,3.0,3.0,4.0,2,2.0,3,3.0,3.0,4.0
popq_1180,,,1.0,1,,1,,,2.0,2,,2,2.0,3.0,3.0
popq_829,,-1.0,-1.0,1,-1.0,-1,,3.0,2.0,2,2.0,2,3.0,3.0,4.0
popq_1496,,,-1.0,2,2.0,2,,,2.0,2,2.0,2,2.0,1.0,
popq_104,,3.0,2.0,2,,2,,3.0,2.0,2,,2,4.0,3.0,3.0
popq_1463,1.0,1.0,1.0,-1,1.0,1,1.0,1.0,1.0,2,1.0,1,1.0,3.0,3.0
popq_1347,,,1.0,1,1.0,1,,,1.0,2,2.0,2,2.0,3.0,4.0
popq_1181,,1.0,1.0,1,1.0,1,,1.0,1.0,1,1.0,1,1.0,3.0,1.0
popq_20,,-1.0,-1.0,1,1.0,1,,3.0,2.0,2,2.0,2,2.0,3.0,
popq_642,,1.0,1.0,2,2.0,1,,1.0,1.0,2,2.0,2,3.0,3.0,3.0
popq_1161,1.0,2.0,1.0,1,-1.0,1,1.0,2.0,2.0,2,3.0,2,3.0,3.0,2.0
popq_1222,,,1.0,1,1.0,1,,,2.0,1,1.0,1,1.0,3.0,
popq_1467,4.0,3.0,1.0,1,-1.0,1,4.0,3.0,1.0,1,3.0,2,3.0,3.0,3.0
popq_38,1.0,-1.0,1.0,1,3.0,1,1.0,2.0,2.0,2,2.0,2,4.0,3.0,2.0
popq_1218,5.0,,2.0,2,4.0,2,5.0,,2.0,3,4.0,3,4.0,4.0,4.0
popq_831,,,-1.0,1,1.0,1,,,2.0,2,1.0,2,3.0,3.0,
popq_586,2.0,,-1.0,1,1.0,1,2.0,,2.0,2,2.0,2,3.0,3.0,4.0
popq_445,-1.0,,2.0,2,3.0,2,4.0,,2.0,2,3.0,2,4.0,5.0,4.0
popq_456,1.0,-1.0,2.0,2,2.0,2,1.0,4.0,2.0,2,3.0,3,4.0,3.0,4.0
popq_707,1.0,1.0,1.0,1,1.0,1,1.0,1.0,1.0,1,1.0,1,1.0,1.0,
popq_932,,1.0,1.0,1,1.0,1,,1.0,1.0,1,1.0,1,1.0,1.0,
popq_398,,-1.0,1.0,1,1.0,1,,4.0,2.0,2,2.0,2,1.0,1.0,1.0
popq_1277,,,1.0,1,-1.0,1,,,1.0,2,2.0,2,2.0,1.0,
popq_15,,-1.0,-1.0,-1,-1.0,-1,,4.0,4.0,4,4.0,4,3.0,3.0,4.0
popq_857,1.0,1.0,1.0,1,1.0,1,1.0,1.0,1.0,1,1.0,1,2.0,3.0,1.0
popq_1447,-1.0,,3.0,3,-1.0,3,2.0,,3.0,3,2.0,2,3.0,3.0,3.0
popq_378,,,2.0,2,-1.0,2,,,2.0,2,2.0,2,4.0,3.0,3.0
popq_572,1.0,1.0,1.0,1,1.0,1,1.0,1.0,1.0,1,1.0,1,2.0,3.0,
popq_79,2.0,-1.0,1.0,1,2.0,1,2.0,2.0,1.0,2,2.0,2,2.0,3.0,4.0
popq_699,,3.0,-1.0,1,-1.0,1,,3.0,2.0,2,2.0,2,2.0,1.0,
popq_1057,2.0,2.0,1.0,1,-1.0,1,2.0,2.0,1.0,1,2.0,2,2.0,3.0,4.0
popq_902,1.0,1.0,1.0,1,1.0,1,1.0,1.0,1.0,1,1.0,1,1.0,1.0,
popq_1362,,,1.0,1,1.0,1,,,1.0,1,1.0,1,1.0,3.0,
popq_1471,,,1.0,1,1.0,1,,,1.0,1,1.0,1,2.0,3.0,1.0
popq_1055,1.0,1.0,1.0,1,-1.0,1,2.0,1.0,1.0,1,2.0,1,2.0,3.0,
popq_486,,1.0,1.0,1,-1.0,1,,1.0,1.0,2,4.0,2,2.0,3.0,3.0
popq_196,,,2.0,-1,1.0,-1,,,2.0,2,1.0,2,2.0,3.0,5.0
popq_1398,,,1.0,1,-1.0,1,,,2.0,2,3.0,2,4.0,3.0,4.0
popq_146,2.0,2.0,-1.0,1,-1.0,1,2.0,2.0,2.0,2,2.0,2,4.0,3.0,4.0
popq_489,,3.0,-1.0,1,1.0,1,,3.0,2.0,2,2.0,2,4.0,4.0,4.0
popq_1359,-1.0,1.0,1.0,1,1.0,1,2.0,1.0,1.0,1,1.0,1,1.0,3.0,
popq_837,1.0,1.0,1.0,1,1.0,1,1.0,1.0,1.0,1,1.0,1,2.0,3.0,
popq_952,1.0,-1.0,-1.0,1,1.0,1,1.0,2.0,2.0,2,2.0,2,2.0,2.0,1.0
popq_27,,,-1.0,-1,-1.0,-1,,,2.0,2,2.0,2,2.0,3.0,3.0
popq_954,-1.0,3.0,-1.0,-1,1.0,-1,2.0,3.0,2.0,3,2.0,2,2.0,1.0,
popq_1120,,,1.0,1,1.0,1,,,2.0,2,1.0,2,2.0,3.0,
popq_962,1.0,1.0,1.0,1,1.0,1,1.0,1.0,1.0,1,1.0,1,1.0,1.0,
popq_188,,1.0,3.0,1,1.0,1,,1.0,2.0,2,1.0,2,2.0,3.0,
popq_299,,1.0,1.0,1,1.0,1,,1.0,1.0,1,1.0,1,2.0,1.0,3.0
popq_1073,1.0,,1.0,1,1.0,1,1.0,,2.0,2,1.0,2,2.0,1.0,
popq_1135,1.0,-1.0,1.0,1,1.0,1,1.0,2.0,2.0,1,1.0,1,1.0,1.0,
popq_665,,3.0,-1.0,-1,-1.0,3,,3.0,4.0,3,2.0,3,3.0,3.0,4.0
popq_371,5.0,5.0,2.0,2,-1.0,2,5.0,5.0,2.0,2,3.0,2,3.0,3.0,3.0
popq_885,1.0,1.0,1.0,1,1.0,1,1.0,1.0,1.0,1,1.0,1,1.0,1.0,
popq_945,,1.0,1.0,1,1.0,1,,1.0,1.0,2,2.0,2,2.0,3.0,2.0
popq_609,,5.0,-1.0,3,3.0,3,,5.0,3.0,3,4.0,3,4.0,3.0,4.0
popq_957,5.0,4.0,5.0,5,-1.0,5,5.0,4.0,5.0,5,4.0,5,5.0,5.0,4.0
popq_190,1.0,1.0,1.0,1,1.0,1,1.0,1.0,2.0,2,1.0,1,2.0,1.0,3.0
popq_706,,1.0,1.0,1,1.0,1,,1.0,1.0,1,1.0,1,1.0,1.0,
popq_126,,,1.0,1,-1.0,1,,,2.0,2,2.0,2,2.0,3.0,4.0
popq_358,,-1.0,3.0,-1,4.0,4,,2.0,2.0,3,3.0,3,4.0,3.0,4.0
popq_339,,,3.0,-1,-1.0,-1,,,4.0,4,4.0,4,4.0,3.0,3.0
popq_806,4.0,,2.0,2,-1.0,2,4.0,,2.0,2,2.0,2,1.0,1.0,
popq_875,1.0,1.0,1.0,1,1.0,1,1.0,1.0,1.0,1,1.0,1,1.0,1.0,
popq_1208,,1.0,1.0,1,1.0,1,,2.0,2.0,1,1.0,1,1.0,1.0,
popq_476,2.0,2.0,2.0,2,,2,2.0,2.0,3.0,3,,3,4.0,3.0,4.0
popq_663,1.0,4.0,1.0,1,1.0,1,1.0,4.0,1.0,1,2.0,2,2.0,1.0,
popq_1207,,,1.0,1,1.0,1,,,2.0,1,1.0,1,2.0,3.0,4.0
popq_498,,-1.0,1.0,1,-1.0,1,,2.0,1.0,2,3.0,2,2.0,3.0,1.0
popq_913,,1.0,-1.0,1,1.0,1,,1.0,2.0,2,1.0,2,1.0,1.0,
popq_1407,,,4.0,3,3.0,3,,,3.0,3,3.0,3,2.0,,4.0
popq_305,3.0,4.0,1.0,1,1.0,1,3.0,4.0,2.0,1,1.0,2,3.0,3.0,4.0
popq_292,,1.0,1.0,1,1.0,1,,1.0,1.0,1,1.0,1,1.0,1.0,1.0
popq_1409,,,2.0,-1,-1.0,-1,,,2.0,2,2.0,2,3.0,,3.0
popq_1022,2.0,1.0,2.0,2,1.0,2,2.0,1.0,2.0,2,2.0,2,3.0,1.0,
popq_308,-1.0,1.0,1.0,1,1.0,1,2.0,1.0,1.0,2,2.0,2,2.0,1.0,
popq_297,2.0,5.0,,2,2.0,2,2.0,5.0,,2,3.0,3,2.0,3.0,3.0
popq_172,3.0,3.0,4.0,4,-1.0,-1,3.0,3.0,4.0,4,4.0,4,4.0,3.0,4.0
popq_443,,,-1.0,1,-1.0,1,,,2.0,2,2.0,2,2.0,3.0,
popq_1460,,5.0,-1.0,2,-1.0,5,,5.0,3.0,2,4.0,3,3.0,3.0,3.0
popq_289,,,1.0,1,-1.0,1,,,1.0,2,3.0,2,2.0,2.0,4.0
popq_536,,,2.0,-1,-1.0,-1,,,2.0,2,2.0,2,3.0,3.0,4.0
popq_859,1.0,1.0,1.0,1,1.0,1,1.0,1.0,1.0,2,1.0,1,2.0,1.0,
popq_357,,,1.0,1,1.0,1,,,1.0,1,1.0,1,2.0,3.0,
popq_1432,,4.0,-1.0,2,-1.0,2,,4.0,3.0,3,4.0,3,4.0,3.0,4.0
popq_254,1.0,1.0,1.0,1,1.0,1,1.0,1.0,1.0,1,1.0,1,1.0,1.0,1.0
popq_340,,,-1.0,1,-1.0,1,,,2.0,2,3.0,2,2.0,3.0,3.0
popq_657,1.0,-1.0,1.0,1,1.0,1,1.0,2.0,2.0,2,2.0,2,2.0,3.0,3.0
popq_1371,,2.0,1.0,1,1.0,1,,2.0,1.0,1,1.0,1,2.0,1.0,
popq_1037,1.0,2.0,2.0,2,1.0,2,1.0,2.0,2.0,2,2.0,2,3.0,3.0,
popq_434,,-1.0,-1.0,-1,3.0,3,,4.0,3.0,2,3.0,3,4.0,3.0,4.0
popq_285,,5.0,4.0,4,5.0,4,,5.0,4.0,4,5.0,4,4.0,4.0,4.0
popq_458,,1.0,1.0,1,1.0,1,,1.0,1.0,1,1.0,1,2.0,3.0,
popq_702,1.0,1.0,1.0,1,1.0,1,1.0,1.0,1.0,1,1.0,1,1.0,1.0,
popq_618,,4.0,-1.0,1,1.0,1,,4.0,3.0,2,2.0,3,3.0,3.0,4.0
popq_686,4.0,-1.0,4.0,1,5.0,4,4.0,4.0,3.0,3,4.0,3,3.0,3.0,4.0
popq_444,3.0,,1.0,1,1.0,1,3.0,,1.0,1,1.0,1,2.0,1.0,
popq_1488,,5.0,1.0,1,-1.0,1,,5.0,1.0,1,3.0,2,2.0,3.0,1.0
popq_1058,-1.0,3.0,-1.0,4,-1.0,4,4.0,3.0,4.0,4,4.0,4,5.0,5.0,4.0
popq_382,,2.0,2.0,2,2.0,2,,2.0,2.0,2,2.0,2,2.0,3.0,
popq_356,1.0,,1.0,1,1.0,1,1.0,,2.0,1,1.0,1,1.0,1.0,
popq_93,,,-1.0,1,1.0,1,,,2.0,2,1.0,2,2.0,1.0,1.0
popq_1050,2.0,,-1.0,-1,-1.0,2,2.0,,2.0,2,3.0,2,4.0,4.0,4.0
popq_1025,-1.0,,-1.0,-1,-1.0,3,4.0,,2.0,3,4.0,3,3.0,3.0,3.0
popq_539,,-1.0,3.0,3,-1.0,3,,4.0,3.0,3,2.0,3,3.0,3.0,4.0
popq_584,1.0,,-1.0,1,1.0,1,1.0,,2.0,2,1.0,1,2.0,1.0,1.0
popq_810,,1.0,1.0,1,1.0,1,,1.0,1.0,1,1.0,1,1.0,1.0,
popq_53,,,-1.0,1,1.0,1,,,3.0,2,1.0,2,1.0,1.0,1.0
popq_570,-1.0,-1.0,2.0,-1,,2,3.0,2.0,2.0,2,,2,4.0,3.0,3.0
popq_640,,,3.0,3,-1.0,3,,,2.0,2,2.0,2,2.0,3.0,4.0
popq_385,1.0,-1.0,1.0,1,-1.0,1,1.0,4.0,2.0,2,2.0,2,4.0,3.0,3.0
popq_1360,,1.0,1.0,1,1.0,1,,1.0,2.0,2,2.0,2,2.0,3.0,3.0
popq_796,,,-1.0,-1,3.0,-1,,,2.0,3,3.0,3,4.0,4.0,4.0
popq_323,,5.0,1.0,1,-1.0,1,,5.0,2.0,2,3.0,2,3.0,3.0,4.0
popq_1199,,-1.0,3.0,1,1.0,1,,2.0,3.0,1,2.0,2,1.0,1.0,
popq_1391,,,1.0,1,1.0,1,,,2.0,2,1.0,2,1.0,1.0,1.0
popq_352,,,2.0,1,1.0,1,,,2.0,1,1.0,1,3.0,3.0,3.0
popq_1177,1.0,3.0,3.0,-1,1.0,-1,1.0,2.0,3.0,2,2.0,2,4.0,3.0,3.0
popq_1299,1.0,,1.0,1,1.0,1,1.0,,1.0,2,2.0,2,4.0,3.0,4.0
popq_1288,1.0,1.0,1.0,1,1.0,1,1.0,1.0,1.0,1,1.0,1,2.0,1.0,
popq_326,2.0,4.0,1.0,1,1.0,1,2.0,4.0,2.0,1,1.0,2,2.0,1.0,
popq_874,1.0,1.0,1.0,-1,1.0,1,1.0,2.0,2.0,2,1.0,1,2.0,3.0,3.0
popq_828,1.0,1.0,1.0,1,1.0,1,1.0,1.0,1.0,1,1.0,1,2.0,3.0,4.0
popq_1370,5.0,,-1.0,1,1.0,1,5.0,,3.0,2,2.0,2,3.0,3.0,4.0
popq_430,,1.0,1.0,1,1.0,1,,1.0,1.0,1,1.0,1,1.0,1.0,
popq_843,,5.0,4.0,5,5.0,5,,5.0,4.0,5,5.0,5,5.0,5.0,4.0
popq_1404,,,-1.0,5,5.0,5,,,3.0,4,5.0,4,5.0,,4.0
popq_1201,4.0,-1.0,1.0,1,4.0,-1,4.0,4.0,2.0,2,3.0,2,4.0,3.0,3.0
popq_1342,,3.0,1.0,1,1.0,1,,3.0,2.0,1,2.0,2,2.0,3.0,3.0
popq_614,3.0,2.0,-1.0,4,4.0,-1,3.0,2.0,3.0,3,3.0,3,4.0,3.0,4.0
popq_1008,4.0,4.0,4.0,1,1.0,1,4.0,4.0,3.0,2,2.0,2,2.0,3.0,3.0
popq_728,,,-1.0,2,2.0,2,,,2.0,2,2.0,2,3.0,3.0,4.0
popq_612,,2.0,1.0,1,-1.0,1,,2.0,2.0,2,2.0,2,3.0,3.0,3.0
popq_288,3.0,,2.0,2,3.0,-1,3.0,,2.0,2,2.0,2,3.0,3.0,4.0
popq_633,4.0,1.0,1.0,1,1.0,1,4.0,1.0,2.0,2,2.0,2,2.0,3.0,3.0
popq_338,,1.0,1.0,1,1.0,1,,1.0,1.0,1,1.0,1,2.0,2.0,
popq_163,,1.0,1.0,1,1.0,1,,1.0,2.0,1,1.0,1,1.0,1.0,
popq_876,5.0,-1.0,2.0,2,5.0,2,5.0,3.0,2.0,3,4.0,3,5.0,3.0,4.0
popq_1414,1.0,1.0,1.0,1,1.0,1,1.0,1.0,1.0,1,1.0,1,1.0,,3.0
popq_504,-1.0,,-1.0,2,2.0,2,4.0,,3.0,2,2.0,3,3.0,4.0,4.0
popq_100,,2.0,-1.0,-1,3.0,2,,2.0,2.0,2,3.0,2,3.0,1.0,3.0
popq_608,,,5.0,5,5.0,5,,,5.0,5,4.0,5,5.0,5.0,5.0
popq_1459,,3.0,-1.0,1,1.0,1,,3.0,2.0,2,2.0,2,2.0,1.0,
popq_873,1.0,1.0,1.0,-1,1.0,1,1.0,1.0,2.0,2,2.0,2,4.0,3.0,3.0
popq_569,-1.0,1.0,1.0,1,1.0,1,2.0,1.0,1.0,1,1.0,1,1.0,1.0,
popq_348,,1.0,1.0,1,1.0,1,,1.0,1.0,1,1.0,1,2.0,3.0,1.0
popq_212,-1.0,,1.0,2,2.0,2,2.0,,1.0,2,2.0,2,2.0,3.0,
popq_1079,1.0,1.0,1.0,1,1.0,1,1.0,1.0,1.0,1,1.0,1,1.0,1.0,
popq_1092,-1.0,3.0,3.0,-1,2.0,3,2.0,3.0,3.0,4,3.0,3,4.0,4.0,4.0
popq_1286,3.0,2.0,2.0,1,1.0,-1,3.0,2.0,2.0,2,2.0,2,2.0,3.0,2.0
popq_354,,,5.0,1,1.0,1,,,4.0,3,2.0,3,4.0,4.0,4.0
popq_1376,,,-1.0,2,2.0,2,,,2.0,2,2.0,2,4.0,3.0,4.0
popq_1245,,4.0,2.0,5,5.0,5,,4.0,2.0,4,4.0,4,4.0,4.0,4.0
popq_727,,1.0,3.0,3,-1.0,3,,1.0,2.0,2,2.0,2,4.0,3.0,3.0
popq_242,,,1.0,1,-1.0,1,,,2.0,2,2.0,2,2.0,1.0,
popq_95,,1.0,-1.0,1,1.0,1,,1.0,2.0,2,1.0,2,3.0,3.0,3.0
popq_137,,,1.0,1,3.0,1,,,1.0,2,4.0,2,2.0,1.0,
popq_351,,,1.0,1,1.0,1,,,1.0,1,2.0,1,1.0,1.0,
popq_1011,1.0,1.0,1.0,1,1.0,1,1.0,1.0,1.0,1,1.0,1,1.0,1.0,
popq_1123,,,3.0,3,3.0,3,,,4.0,3,3.0,3,4.0,3.0,4.0
popq_1464,,-1.0,1.0,1,1.0,1,,2.0,1.0,1,2.0,1,1.0,1.0,
popq_131,,,-1.0,5,5.0,5,,,4.0,4,4.0,4,5.0,3.0,4.0
popq_1007,4.0,2.0,1.0,1,1.0,1,4.0,2.0,2.0,1,1.0,1,2.0,3.0,1.0
popq_484,1.0,1.0,1.0,-1,1.0,1,1.0,2.0,2.0,3,2.0,2,4.0,4.0,4.0
popq_249,2.0,-1.0,1.0,1,1.0,1,2.0,2.0,1.0,2,2.0,2,2.0,3.0,
popq_1444,,-1.0,1.0,1,-1.0,1,,2.0,1.0,1,2.0,2,1.0,3.0,
popq_739,,-1.0,2.0,2,3.0,2,,2.0,2.0,2,3.0,2,2.0,3.0,1.0
popq_1195,,1.0,1.0,1,1.0,1,,1.0,1.0,1,1.0,1,1.0,1.0,
popq_668,1.0,,1.0,1,1.0,1,1.0,,2.0,2,1.0,2,1.0,1.0,
popq_736,1.0,1.0,1.0,1,1.0,1,1.0,2.0,1.0,1,1.0,1,1.0,1.0,
popq_315,1.0,,1.0,3,3.0,-1,1.0,,2.0,2,3.0,2,2.0,3.0,
popq_682,-1.0,4.0,1.0,1,1.0,1,2.0,4.0,2.0,2,2.0,2,3.0,3.0,3.0
popq_1461,,5.0,1.0,1,-1.0,1,,5.0,2.0,2,4.0,2,2.0,1.0,
popq_28,,1.0,1.0,1,1.0,1,,1.0,1.0,1,1.0,1,1.0,1.0,
popq_40,,1.0,1.0,1,1.0,1,,1.0,1.0,1,1.0,1,1.0,1.0,
popq_1088,1.0,2.0,-1.0,2,2.0,2,1.0,2.0,2.0,2,3.0,2,3.0,2.0,2.0
popq_1358,4.0,1.0,2.0,2,1.0,-1,4.0,1.0,2.0,2,2.0,2,2.0,1.0,
popq_1381,4.0,-1.0,4.0,-1,5.0,-1,4.0,3.0,3.0,4,4.0,4,4.0,3.0,4.0
popq_419,,-1.0,1.0,1,-1.0,1,,4.0,2.0,2,3.0,2,2.0,3.0,4.0
popq_166,,1.0,1.0,1,1.0,1,,2.0,2.0,1,1.0,1,1.0,3.0,1.0
popq_656,1.0,,1.0,1,1.0,1,1.0,,2.0,2,1.0,2,1.0,1.0,
popq_319,1.0,1.0,1.0,1,-1.0,1,1.0,1.0,1.0,2,2.0,1,3.0,3.0,4.0
popq_507,,-1.0,1.0,1,-1.0,1,,2.0,1.0,2,3.0,2,4.0,3.0,4.0
popq_211,1.0,,1.0,1,1.0,1,1.0,,1.0,1,1.0,1,1.0,1.0,1.0
popq_64,,1.0,1.0,1,1.0,1,,1.0,1.0,2,2.0,2,2.0,3.0,
popq_653,1.0,1.0,1.0,1,1.0,1,1.0,1.0,1.0,1,1.0,1,1.0,1.0,
popq_576,-1.0,,-1.0,-1,-1.0,5,4.0,,4.0,4,4.0,4,4.0,4.0,4.0
popq_742,,2.0,3.0,-1,2.0,-1,,2.0,3.0,2,2.0,2,3.0,3.0,3.0
popq_1081,3.0,4.0,5.0,5,4.0,5,3.0,4.0,4.0,4,4.0,4,5.0,5.0,4.0
popq_916,,1.0,1.0,1,1.0,1,,1.0,1.0,1,1.0,1,1.0,1.0,
popq_1367,1.0,3.0,1.0,1,1.0,1,1.0,3.0,2.0,2,1.0,2,3.0,3.0,1.0
popq_421,2.0,1.0,1.0,1,1.0,1,2.0,1.0,2.0,1,1.0,1,1.0,1.0,
popq_781,,1.0,1.0,1,1.0,1,,1.0,1.0,1,1.0,1,1.0,1.0,
popq_252,,1.0,-1.0,1,1.0,1,,1.0,2.0,2,2.0,2,2.0,1.0,3.0
popq_1122,,4.0,1.0,1,3.0,1,,4.0,2.0,2,3.0,2,2.0,3.0,
popq_235,,2.0,2.0,1,1.0,-1,,2.0,2.0,2,2.0,2,3.0,3.0,
popq_960,1.0,,-1.0,-1,1.0,-1,1.0,,4.0,3,1.0,3,3.0,3.0,4.0
popq_903,,2.0,-1.0,1,1.0,1,,2.0,2.0,2,2.0,2,1.0,1.0,1.0
popq_1499,,1.0,1.0,1,1.0,1,,1.0,1.0,1,1.0,1,1.0,1.0,
popq_1198,,-1.0,1.0,2,2.0,2,,2.0,2.0,2,2.0,2,3.0,3.0,4.0
popq_525,1.0,,2.0,2,2.0,2,1.0,,2.0,2,2.0,2,3.0,3.0,3.0
popq_991,1.0,3.0,1.0,1,1.0,1,1.0,3.0,1.0,1,2.0,1,2.0,3.0,4.0
popq_559,1.0,,1.0,1,1.0,1,1.0,,2.0,2,2.0,2,1.0,2.0,
popq_839,5.0,,,1,1.0,1,5.0,,,1,2.0,2,2.0,3.0,1.0
popq_971,1.0,1.0,1.0,1,1.0,1,1.0,1.0,2.0,3,2.0,2,4.0,4.0,
popq_1113,,,1.0,1,-1.0,1,,,1.0,1,2.0,1,2.0,3.0,
popq_1401,,1.0,1.0,1,1.0,1,,1.0,1.0,1,2.0,1,3.0,3.0,4.0
popq_1396,,,1.0,1,1.0,1,,,1.0,1,2.0,1,2.0,1.0,1.0
popq_1328,,,3.0,3,-1.0,3,,,3.0,3,4.0,3,3.0,3.0,4.0
popq_732,1.0,1.0,2.0,2,1.0,-1,1.0,1.0,2.0,3,2.0,2,4.0,3.0,4.0
popq_989,1.0,1.0,-1.0,-1,1.0,1,1.0,1.0,2.0,2,1.0,2,2.0,3.0,4.0
popq_327,,1.0,1.0,1,1.0,1,,1.0,1.0,1,1.0,1,2.0,2.0,
popq_627,3.0,,3.0,-1,-1.0,3,3.0,,3.0,3,2.0,3,4.0,3.0,4.0
popq_659,-1.0,4.0,4.0,2,-1.0,4,2.0,4.0,3.0,3,2.0,3,4.0,3.0,4.0
popq_1209,1.0,3.0,3.0,1,1.0,1,1.0,3.0,3.0,1,1.0,1,1.0,1.0,3.0
popq_730,,,1.0,1,1.0,1,,,1.0,1,1.0,1,1.0,1.0,
popq_97,2.0,1.0,-1.0,1,1.0,1,2.0,1.0,3.0,2,1.0,2,2.0,3.0,3.0
popq_1086,1.0,,1.0,1,1.0,1,1.0,,1.0,1,1.0,1,2.0,1.0,
popq_1112,1.0,1.0,1.0,1,1.0,1,1.0,1.0,1.0,1,1.0,1,1.0,1.0,1.0
popq_181,2.0,,1.0,1,1.0,1,2.0,,2.0,2,1.0,2,3.0,3.0,3.0
popq_117,,5.0,1.0,1,1.0,1,,5.0,2.0,1,1.0,2,2.0,1.0,
popq_935,,,1.0,1,1.0,1,,,1.0,1,2.0,1,2.0,1.0,1.0
popq_513,4.0,,1.0,1,1.0,1,4.0,,2.0,1,2.0,2,2.0,1.0,
popq_1341,1.0,4.0,-1.0,2,-1.0,-1,1.0,4.0,2.0,2,2.0,2,2.0,3.0,4.0
popq_113,2.0,1.0,1.0,1,1.0,1,2.0,1.0,1.0,1,1.0,1,2.0,1.0,
popq_269,,2.0,1.0,2,2.0,2,,2.0,2.0,2,2.0,2,2.0,3.0,3.0
popq_671,2.0,,2.0,-1,-1.0,2,2.0,,3.0,3,2.0,3,5.0,4.0,4.0
popq_487,,1.0,1.0,1,1.0,1,,1.0,2.0,2,1.0,1,2.0,3.0,1.0
popq_331,1.0,1.0,1.0,1,5.0,1,1.0,1.0,1.0,2,5.0,2,2.0,1.0,
popq_1160,5.0,,-1.0,-1,-1.0,-1,5.0,,2.0,2,4.0,3,2.0,3.0,3.0
popq_1076,1.0,5.0,1.0,1,5.0,1,1.0,5.0,1.0,1,4.0,2,2.0,2.0,3.0
popq_88,,1.0,1.0,1,1.0,1,,1.0,2.0,2,1.0,2,4.0,3.0,4.0
popq_900,,,-1.0,1,1.0,1,,,2.0,2,2.0,2,4.0,3.0,4.0
popq_68,1.0,,1.0,1,1.0,1,1.0,,1.0,2,2.0,2,2.0,3.0,3.0
popq_606,1.0,2.0,2.0,1,1.0,1,1.0,2.0,2.0,1,1.0,1,1.0,1.0,1.0
popq_1486,1.0,1.0,1.0,1,1.0,1,1.0,1.0,1.0,1,1.0,1,1.0,1.0,
popq_654,1.0,-1.0,1.0,1,1.0,1,1.0,3.0,2.0,1,1.0,2,1.0,1.0,
popq_387,,1.0,1.0,1,1.0,1,,1.0,1.0,2,2.0,1,2.0,3.0,
popq_992,2.0,3.0,3.0,3,2.0,3,2.0,3.0,2.0,3,3.0,3,3.0,3.0,4.0
popq_329,-1.0,,1.0,1,1.0,1,2.0,,2.0,1,2.0,2,2.0,1.0,1.0
popq_868,1.0,1.0,1.0,1,1.0,1,1.0,1.0,1.0,1,1.0,1,1.0,1.0,1.0
popq_535,,-1.0,4.0,4,2.0,4,,4.0,4.0,4,3.0,4,5.0,5.0,4.0
popq_745,4.0,1.0,3.0,1,1.0,1,4.0,1.0,2.0,2,2.0,2,3.0,3.0,4.0
popq_262,,,1.0,1,1.0,1,,,1.0,1,2.0,1,2.0,3.0,1.0
popq_182,1.0,-1.0,-1.0,1,1.0,1,1.0,2.0,2.0,1,1.0,2,1.0,3.0,
popq_213,,1.0,1.0,1,1.0,1,,1.0,1.0,1,1.0,1,2.0,3.0,1.0
popq_577,-1.0,1.0,1.0,1,-1.0,1,3.0,1.0,1.0,1,2.0,2,2.0,3.0,4.0
popq_1009,3.0,3.0,3.0,4,-1.0,3,3.0,3.0,3.0,3,3.0,3,4.0,4.0,4.0
popq_519,,2.0,3.0,-1,2.0,2,,2.0,2.0,2,2.0,2,2.0,1.0,2.0
popq_1141,,,-1.0,-1,-1.0,-1,,,3.0,3,2.0,3,4.0,4.0,4.0
popq_1001,1.0,,1.0,1,1.0,1,1.0,,1.0,1,1.0,1,1.0,1.0,1.0
popq_493,,-1.0,3.0,1,1.0,1,,2.0,2.0,2,1.0,2,3.0,3.0,3.0
popq_278,4.0,,-1.0,4,4.0,4,4.0,,3.0,3,4.0,4,3.0,3.0,4.0
popq_708,-1.0,,1.0,1,-1.0,1,2.0,,2.0,2,2.0,2,2.0,3.0,3.0
popq_677,-1.0,1.0,3.0,3,-1.0,3,2.0,1.0,2.0,3,2.0,2,4.0,4.0,3.0
popq_1090,1.0,,1.0,1,1.0,1,1.0,,2.0,2,2.0,2,4.0,3.0,3.0
popq_766,,1.0,1.0,1,1.0,1,,1.0,1.0,1,1.0,1,2.0,1.0,1.0
popq_579,-1.0,1.0,-1.0,1,1.0,1,2.0,1.0,2.0,2,1.0,2,2.0,2.0,1.0
popq_888,1.0,1.0,1.0,4,1.0,1,1.0,1.0,1.0,3,2.0,2,2.0,3.0,3.0
popq_546,,1.0,-1.0,-1,1.0,1,,1.0,3.0,3,1.0,3,2.0,3.0,4.0
popq_1014,1.0,2.0,1.0,1,1.0,1,1.0,2.0,2.0,2,2.0,2,2.0,3.0,4.0
popq_1078,4.0,3.0,1.0,1,1.0,1,4.0,3.0,3.0,2,1.0,2,4.0,3.0,3.0
popq_261,,1.0,1.0,1,1.0,1,,1.0,1.0,2,2.0,2,3.0,3.0,4.0
popq_1159,,5.0,1.0,1,5.0,1,,5.0,2.0,2,5.0,2,2.0,1.0,
popq_693,2.0,-1.0,3.0,-1,2.0,-1,2.0,4.0,4.0,3,2.0,3,5.0,5.0,4.0
popq_955,-1.0,,3.0,3,-1.0,3,3.0,,3.0,3,2.0,3,4.0,3.0,3.0
popq_807,5.0,2.0,-1.0,-1,-1.0,2,5.0,2.0,3.0,3,4.0,3,5.0,5.0,4.0
popq_158,1.0,,-1.0,1,1.0,1,1.0,,3.0,3,2.0,3,4.0,4.0,4.0
popq_1121,,,1.0,1,1.0,1,,,1.0,1,1.0,1,1.0,1.0,
popq_1187,2.0,5.0,2.0,2,2.0,2,2.0,5.0,2.0,3,3.0,3,4.0,3.0,4.0
popq_197,,1.0,1.0,1,1.0,1,,1.0,2.0,2,2.0,2,3.0,3.0,1.0
popq_578,3.0,,3.0,1,1.0,1,3.0,,3.0,2,2.0,2,3.0,3.0,
popq_988,-1.0,4.0,-1.0,1,1.0,1,2.0,4.0,2.0,2,2.0,2,2.0,2.0,4.0
popq_1487,,1.0,1.0,1,-1.0,1,,2.0,1.0,1,2.0,2,1.0,1.0,
popq_969,1.0,,1.0,1,1.0,1,1.0,,2.0,1,1.0,1,2.0,1.0,1.0
popq_17,,3.0,3.0,3,-1.0,3,,3.0,3.0,3,3.0,3,3.0,3.0,4.0
popq_1156,1.0,,1.0,1,1.0,1,1.0,,1.0,2,2.0,2,2.0,3.0,1.0
popq_1232,,1.0,1.0,1,1.0,1,,1.0,1.0,1,1.0,1,2.0,3.0,1.0
popq_1125,,,1.0,1,1.0,1,,,2.0,1,1.0,1,2.0,3.0,3.0
popq_274,,1.0,2.0,2,1.0,-1,,1.0,2.0,2,1.0,2,2.0,3.0,1.0
popq_207,,-1.0,1.0,-1,2.0,-1,,4.0,1.0,2,3.0,2,3.0,3.0,4.0
popq_1202,,1.0,1.0,1,1.0,1,,1.0,1.0,1,1.0,1,2.0,1.0,1.0
popq_918,,-1.0,1.0,1,1.0,1,,2.0,2.0,2,1.0,2,4.0,3.0,4.0
popq_1443,5.0,5.0,4.0,-1,5.0,5,5.0,5.0,4.0,4,4.0,4,4.0,3.0,3.0
popq_836,,1.0,1.0,1,1.0,1,,2.0,1.0,1,1.0,1,2.0,1.0,1.0
popq_44,,,1.0,1,1.0,1,,,1.0,1,1.0,1,1.0,1.0,
popq_384,,3.0,-1.0,1,-1.0,1,,3.0,2.0,2,2.0,2,3.0,3.0,4.0
popq_1150,,5.0,-1.0,1,1.0,1,,5.0,3.0,2,2.0,2,4.0,4.0,4.0
popq_210,,2.0,-1.0,1,1.0,1,,2.0,2.0,2,2.0,2,2.0,3.0,
popq_192,,1.0,1.0,1,1.0,1,,1.0,1.0,1,2.0,1,1.0,1.0,
popq_734,,1.0,1.0,1,1.0,1,,1.0,1.0,1,1.0,1,1.0,1.0,
popq_610,,1.0,1.0,1,-1.0,1,,1.0,1.0,1,2.0,1,1.0,1.0,1.0
popq_547,,3.0,3.0,1,1.0,1,,4.0,3.0,2,2.0,2,3.0,3.0,4.0
popq_1070,2.0,,1.0,1,1.0,1,2.0,,1.0,1,1.0,1,2.0,1.0,
popq_1268,,1.0,1.0,1,,1,,1.0,2.0,2,,2,2.0,3.0,
popq_1317,,2.0,-1.0,1,1.0,1,,2.0,2.0,1,1.0,1,2.0,1.0,3.0
popq_1468,,1.0,1.0,-1,-1.0,1,,1.0,2.0,2,2.0,2,2.0,3.0,
popq_497,1.0,1.0,1.0,1,1.0,1,1.0,1.0,1.0,1,1.0,1,1.0,1.0,
popq_1335,,-1.0,-1.0,-1,1.0,1,,2.0,2.0,2,2.0,2,2.0,1.0,
popq_1045,1.0,,1.0,1,1.0,1,1.0,,1.0,2,2.0,1,2.0,3.0,1.0
popq_413,,-1.0,2.0,-1,-1.0,2,,3.0,3.0,2,2.0,2,2.0,3.0,4.0
popq_541,,,-1.0,4,-1.0,4,,,4.0,3,3.0,3,4.0,3.0,3.0
popq_1192,,3.0,3.0,-1,1.0,3,,2.0,3.0,2,2.0,2,2.0,1.0,
popq_1251,2.0,-1.0,4.0,-1,1.0,1,2.0,2.0,3.0,3,2.0,3,2.0,3.0,4.0
popq_526,,-1.0,2.0,1,1.0,-1,,2.0,2.0,2,2.0,2,1.0,1.0,2.0
popq_22,1.0,3.0,1.0,1,1.0,1,1.0,3.0,2.0,2,2.0,2,3.0,3.0,4.0
popq_231,,,3.0,2,2.0,2,,,3.0,3,3.0,3,4.0,4.0,4.0
popq_1440,2.0,,-1.0,4,2.0,-1,2.0,,2.0,3,3.0,3,4.0,3.0,3.0
popq_1388,1.0,,1.0,1,1.0,1,1.0,,1.0,1,1.0,1,2.0,3.0,3.0
popq_1462,,5.0,4.0,4,5.0,-1,,5.0,4.0,4,5.0,4,5.0,5.0,4.0
popq_408,,1.0,1.0,1,1.0,1,,1.0,1.0,1,1.0,1,2.0,3.0,3.0
popq_1027,3.0,,1.0,1,1.0,1,3.0,,2.0,1,1.0,1,3.0,3.0,3.0
popq_846,1.0,,1.0,1,1.0,1,1.0,,1.0,1,1.0,1,1.0,1.0,
popq_1489,,,1.0,1,-1.0,1,,,1.0,2,2.0,2,2.0,3.0,3.0
popq_1498,,,5.0,5,-1.0,5,,,5.0,5,4.0,5,5.0,4.0,4.0
popq_1064,1.0,5.0,1.0,1,1.0,1,1.0,5.0,2.0,2,2.0,2,2.0,3.0,4.0
popq_1227,,3.0,-1.0,1,1.0,1,,3.0,2.0,2,2.0,2,2.0,3.0,3.0
popq_223,1.0,,-1.0,1,1.0,1,1.0,,2.0,1,1.0,1,2.0,3.0,
popq_1039,1.0,,1.0,1,1.0,1,1.0,,1.0,1,2.0,1,1.0,1.0,
popq_388,,,1.0,1,1.0,1,,,2.0,2,1.0,2,3.0,3.0,3.0
popq_102,,4.0,3.0,4,4.0,4,,4.0,3.0,3,4.0,3,5.0,4.0,4.0
popq_841,1.0,1.0,1.0,1,1.0,1,1.0,1.0,2.0,1,1.0,1,3.0,3.0,3.0
popq_59,,3.0,3.0,1,1.0,1,,3.0,2.0,1,1.0,2,1.0,1.0,1.0
popq_863,2.0,,-1.0,3,3.0,3,2.0,,4.0,4,3.0,3,4.0,4.0,4.0
popq_453,1.0,1.0,1.0,1,-1.0,1,1.0,1.0,1.0,1,2.0,1,3.0,3.0,3.0
popq_1353,,-1.0,2.0,2,-1.0,2,,2.0,2.0,2,2.0,2,2.0,1.0,3.0
popq_359,,,1.0,1,1.0,1,,,2.0,1,1.0,1,2.0,3.0,3.0
popq_322,1.0,,1.0,1,1.0,1,1.0,,1.0,1,1.0,1,2.0,3.0,1.0
popq_936,,,1.0,1,-1.0,1,,,1.0,2,2.0,2,2.0,1.0,1.0
popq_1412,,2.0,1.0,1,-1.0,1,,2.0,2.0,2,2.0,2,3.0,3.0,4.0
popq_30,1.0,2.0,-1.0,-1,-1.0,-1,1.0,2.0,2.0,2,2.0,2,3.0,3.0,4.0
popq_78,,1.0,1.0,1,1.0,1,,1.0,2.0,1,1.0,1,3.0,3.0,4.0
popq_999,-1.0,1.0,2.0,1,1.0,1,2.0,1.0,2.0,1,1.0,1,1.0,1.0,1.0
popq_343,,,1.0,1,1.0,1,,,1.0,1,1.0,1,1.0,1.0,
popq_737,-1.0,1.0,1.0,1,1.0,1,2.0,1.0,1.0,1,1.0,1,1.0,1.0,
popq_673,-1.0,2.0,1.0,1,1.0,1,2.0,2.0,1.0,2,2.0,2,2.0,1.0,3.0
popq_892,1.0,1.0,1.0,1,1.0,1,1.0,1.0,1.0,1,1.0,1,1.0,3.0,1.0
popq_50,,1.0,1.0,1,1.0,1,,2.0,2.0,1,1.0,1,3.0,3.0,4.0
popq_506,1.0,,1.0,1,1.0,1,1.0,,1.0,1,1.0,1,1.0,1.0,
popq_1309,1.0,1.0,1.0,1,1.0,1,1.0,1.0,1.0,1,1.0,1,1.0,1.0,
popq_814,2.0,1.0,1.0,1,-1.0,1,2.0,1.0,2.0,2,2.0,2,2.0,1.0,1.0
popq_332,,,1.0,1,1.0,1,,,2.0,2,2.0,2,3.0,3.0,3.0
popq_454,-1.0,1.0,1.0,1,1.0,1,3.0,1.0,2.0,2,1.0,2,3.0,3.0,3.0
popq_89,2.0,,1.0,1,-1.0,1,2.0,,1.0,2,2.0,2,3.0,3.0,4.0
popq_1291,,1.0,1.0,1,-1.0,1,,1.0,2.0,2,2.0,2,4.0,3.0,4.0
popq_1495,,1.0,-1.0,1,1.0,1,,1.0,2.0,1,1.0,1,4.0,3.0,3.0
popq_748,,5.0,-1.0,4,5.0,-1,,5.0,3.0,4,4.0,4,5.0,5.0,4.0
popq_767,1.0,1.0,1.0,1,1.0,1,1.0,1.0,2.0,1,1.0,1,1.0,1.0,
popq_1289,,2.0,-1.0,1,1.0,1,,2.0,2.0,1,1.0,1,2.0,3.0,3.0
popq_643,1.0,,1.0,1,1.0,1,1.0,,1.0,1,1.0,1,1.0,1.0,
popq_937,1.0,,1.0,1,1.0,1,1.0,,1.0,2,2.0,2,1.0,1.0,
popq_509,,,1.0,1,1.0,1,,,1.0,2,2.0,2,2.0,3.0,3.0
popq_1231,,4.0,1.0,1,1.0,1,,4.0,2.0,1,1.0,1,1.0,1.0,1.0
popq_761,,2.0,-1.0,1,-1.0,-1,,2.0,2.0,2,2.0,2,4.0,3.0,2.0
popq_1203,,5.0,5.0,-1,4.0,5,,5.0,5.0,4,4.0,4,3.0,5.0,4.0
popq_899,,1.0,1.0,1,1.0,1,,1.0,1.0,1,1.0,1,2.0,1.0,1.0
popq_920,,1.0,1.0,1,1.0,1,,1.0,1.0,1,1.0,1,2.0,1.0,
popq_1355,,1.0,1.0,1,1.0,1,,1.0,1.0,2,2.0,2,3.0,3.0,
popq_345,3.0,3.0,3.0,4,-1.0,3,3.0,3.0,3.0,4,4.0,4,4.0,4.0,4.0
popq_505,,4.0,2.0,1,1.0,1,,4.0,2.0,2,2.0,2,3.0,3.0,4.0
popq_1012,1.0,,1.0,1,1.0,1,1.0,,2.0,2,2.0,2,1.0,2.0,3.0
popq_1241,,2.0,1.0,1,1.0,1,,2.0,1.0,1,1.0,1,2.0,1.0,1.0
popq_700,1.0,1.0,-1.0,4,1.0,1,1.0,1.0,2.0,3,2.0,2,4.0,3.0,4.0
popq_1485,,1.0,1.0,1,1.0,1,,1.0,1.0,1,1.0,1,1.0,1.0,1.0
popq_1336,,1.0,1.0,1,1.0,1,,1.0,1.0,1,1.0,1,2.0,1.0,2.0
popq_440,,-1.0,3.0,1,1.0,1,,4.0,2.0,2,3.0,2,2.0,3.0,3.0
popq_757,1.0,1.0,-1.0,2,1.0,1,1.0,1.0,2.0,2,2.0,2,2.0,3.0,
popq_424,,,2.0,4,4.0,4,,,2.0,3,3.0,3,4.0,4.0,4.0
popq_959,1.0,1.0,1.0,1,1.0,1,1.0,1.0,1.0,1,1.0,1,2.0,1.0,
popq_552,3.0,1.0,-1.0,1,1.0,1,3.0,1.0,4.0,2,2.0,2,2.0,1.0,1.0
popq_362,3.0,,1.0,1,1.0,1,3.0,,2.0,1,1.0,1,2.0,3.0,
popq_527,2.0,-1.0,1.0,1,2.0,1,2.0,2.0,1.0,1,2.0,1,2.0,3.0,
popq_801,,-1.0,1.0,1,-1.0,1,,2.0,2.0,2,2.0,2,3.0,3.0,
popq_549,2.0,,1.0,1,1.0,1,2.0,,2.0,1,1.0,2,2.0,2.0,3.0
popq_701,,,-1.0,-1,,-1,,,4.0,4,,4,2.0,3.0,4.0
popq_167,-1.0,2.0,1.0,1,-1.0,1,2.0,2.0,1.0,1,2.0,1,2.0,3.0,3.0
popq_605,,,1.0,1,-1.0,1,,,2.0,2,2.0,2,2.0,3.0,
popq_782,2.0,1.0,1.0,1,1.0,1,2.0,1.0,1.0,1,1.0,1,1.0,1.0,
popq_798,-1.0,-1.0,-1.0,-1,1.0,1,2.0,2.0,3.0,2,2.0,2,2.0,3.0,4.0
popq_776,,-1.0,1.0,1,1.0,1,,2.0,2.0,1,1.0,1,2.0,1.0,
popq_1100,,5.0,-1.0,4,-1.0,-1,,5.0,4.0,4,3.0,4,5.0,3.0,
popq_542,,3.0,4.0,1,1.0,1,,3.0,4.0,3,2.0,3,2.0,3.0,4.0
popq_268,,5.0,5.0,5,-1.0,5,,5.0,5.0,4,4.0,4,4.0,4.0,4.0
popq_759,,3.0,1.0,1,1.0,1,,3.0,1.0,1,2.0,2,2.0,3.0,2.0
popq_124,1.0,1.0,1.0,1,1.0,1,1.0,2.0,2.0,1,1.0,1,1.0,1.0,
popq_998,-1.0,1.0,1.0,1,1.0,1,2.0,1.0,1.0,2,2.0,1,2.0,1.0,1.0
popq_143,2.0,1.0,-1.0,1,1.0,1,2.0,1.0,2.0,1,1.0,1,2.0,3.0,
popq_1469,,-1.0,1.0,1,1.0,1,,2.0,1.0,1,1.0,1,1.0,1.0,
popq_7,1.0,1.0,1.0,1,,1,1.0,1.0,1.0,1,,1,1.0,1.0,
popq_1075,1.0,-1.0,1.0,1,1.0,1,1.0,2.0,2.0,1,1.0,1,2.0,1.0,
popq_1300,1.0,,1.0,1,1.0,1,1.0,,1.0,1,1.0,1,1.0,1.0,
popq_286,2.0,1.0,4.0,4,-1.0,4,2.0,1.0,3.0,3,3.0,3,2.0,3.0,4.0
popq_383,,-1.0,1.0,1,1.0,1,,3.0,2.0,1,2.0,2,1.0,3.0,
popq_447,1.0,1.0,1.0,1,1.0,1,1.0,1.0,1.0,1,1.0,1,1.0,1.0,
popq_283,,1.0,1.0,1,1.0,1,,3.0,2.0,1,2.0,2,2.0,3.0,
popq_905,3.0,2.0,1.0,1,-1.0,1,3.0,2.0,2.0,2,3.0,2,4.0,3.0,4.0
popq_1478,,1.0,1.0,1,1.0,1,,1.0,1.0,1,1.0,1,1.0,1.0,
popq_871,-1.0,-1.0,-1.0,1,1.0,1,2.0,3.0,2.0,2,2.0,2,2.0,1.0,1.0
popq_1306,1.0,5.0,1.0,1,5.0,1,1.0,5.0,1.0,1,4.0,3,3.0,1.0,1.0
popq_1474,,-1.0,1.0,1,1.0,1,,2.0,1.0,2,2.0,2,2.0,3.0,2.0
popq_931,,3.0,-1.0,1,-1.0,-1,,3.0,2.0,2,2.0,2,3.0,3.0,4.0
popq_460,,1.0,1.0,1,-1.0,1,,1.0,1.0,2,3.0,2,1.0,3.0,
popq_719,5.0,3.0,2.0,2,-1.0,2,5.0,3.0,3.0,3,3.0,3,5.0,5.0,4.0
popq_1375,,5.0,1.0,1,5.0,-1,,5.0,1.0,2,4.0,3,3.0,3.0,4.0
popq_142,4.0,5.0,5.0,5,-1.0,5,4.0,5.0,4.0,4,4.0,4,5.0,5.0,5.0
popq_922,,1.0,1.0,1,1.0,1,,1.0,2.0,1,1.0,1,2.0,3.0,
popq_435,,3.0,1.0,-1,3.0,3,,3.0,2.0,2,3.0,2,2.0,3.0,3.0
popq_2,,1.0,1.0,2,2.0,-1,,2.0,1.0,2,2.0,2,4.0,3.0,4.0
popq_72,,1.0,-1.0,2,-1.0,2,,1.0,2.0,2,2.0,2,4.0,3.0,3.0
popq_601,,4.0,1.0,1,1.0,1,,4.0,2.0,1,1.0,1,1.0,1.0,
popq_811,1.0,1.0,1.0,1,1.0,1,1.0,1.0,1.0,1,1.0,1,1.0,1.0,
popq_705,1.0,-1.0,-1.0,1,1.0,1,1.0,2.0,2.0,1,1.0,1,2.0,3.0,3.0
popq_451,,2.0,-1.0,1,1.0,1,,2.0,2.0,1,1.0,2,2.0,1.0,
popq_582,1.0,,1.0,1,1.0,1,1.0,,1.0,1,1.0,1,1.0,1.0,
popq_1155,,,1.0,1,1.0,1,,,1.0,1,1.0,1,1.0,1.0,
popq_272,,1.0,1.0,1,1.0,1,,1.0,1.0,1,1.0,1,1.0,1.0,
popq_321,1.0,,1.0,1,1.0,1,1.0,,1.0,1,1.0,1,1.0,1.0,
popq_1233,1.0,,1.0,1,1.0,1,1.0,,1.0,1,1.0,1,1.0,1.0,
popq_1243,4.0,4.0,5.0,1,4.0,4,4.0,4.0,5.0,3,3.0,3,4.0,3.0,4.0
popq_298,,-1.0,-1.0,1,1.0,1,,2.0,2.0,1,1.0,1,1.0,1.0,
popq_1483,,-1.0,3.0,3,2.0,3,,3.0,3.0,2,2.0,3,2.0,3.0,3.0
popq_1004,4.0,1.0,-1.0,-1,3.0,-1,4.0,2.0,2.0,2,2.0,2,3.0,3.0,3.0
popq_568,1.0,1.0,1.0,1,1.0,1,1.0,1.0,1.0,1,1.0,1,1.0,1.0,1.0
popq_1082,2.0,1.0,2.0,1,1.0,1,2.0,1.0,2.0,2,1.0,2,4.0,3.0,4.0
popq_631,1.0,3.0,1.0,1,1.0,1,1.0,3.0,2.0,1,1.0,1,1.0,1.0,
popq_1366,2.0,1.0,-1.0,-1,-1.0,-1,2.0,1.0,4.0,3,2.0,3,2.0,3.0,4.0
popq_545,,1.0,1.0,1,-1.0,1,,1.0,1.0,1,2.0,1,1.0,1.0,
popq_1221,,,1.0,1,1.0,1,,,1.0,1,1.0,1,1.0,1.0,
popq_689,1.0,,1.0,1,1.0,1,1.0,,2.0,2,1.0,2,2.0,3.0,4.0
popq_1351,,1.0,1.0,1,1.0,1,,1.0,2.0,2,1.0,2,2.0,,
popq_134,1.0,3.0,2.0,2,1.0,-1,1.0,3.0,2.0,2,2.0,2,3.0,4.0,4.0
popq_619,,,-1.0,2,2.0,2,,,3.0,2,2.0,2,2.0,3.0,1.0
popq_1397,,1.0,1.0,1,1.0,1,,1.0,1.0,1,1.0,1,1.0,3.0,
popq_153,4.0,-1.0,2.0,2,2.0,2,4.0,3.0,3.0,2,2.0,3,2.0,3.0,3.0
popq_214,,1.0,1.0,1,1.0,1,,1.0,1.0,1,1.0,1,1.0,1.0,
popq_347,,1.0,-1.0,1,1.0,1,,1.0,3.0,2,2.0,2,3.0,3.0,3.0
popq_1348,2.0,,3.0,3,-1.0,3,2.0,,3.0,3,3.0,3,3.0,3.0,
popq_80,3.0,1.0,-1.0,5,-1.0,-1,3.0,1.0,2.0,3,4.0,3,3.0,3.0,4.0
popq_845,,1.0,2.0,1,1.0,1,,1.0,2.0,2,2.0,2,2.0,1.0,
popq_763,,1.0,-1.0,-1,1.0,1,,1.0,2.0,2,1.0,1,2.0,3.0,4.0
popq_121,1.0,3.0,1.0,1,1.0,1,1.0,3.0,2.0,1,2.0,2,1.0,3.0,
popq_510,1.0,1.0,1.0,1,1.0,1,1.0,1.0,2.0,2,2.0,2,3.0,3.0,3.0
popq_1247,,-1.0,1.0,1,1.0,1,,2.0,2.0,2,1.0,2,1.0,1.0,
popq_1229,,1.0,1.0,1,1.0,1,,1.0,1.0,1,1.0,1,1.0,3.0,
popq_996,1.0,4.0,1.0,1,1.0,1,1.0,4.0,2.0,1,1.0,1,1.0,1.0,
popq_230,1.0,,1.0,1,1.0,1,1.0,,1.0,2,2.0,2,2.0,3.0,
popq_148,,,2.0,3,3.0,3,,,3.0,3,3.0,3,3.0,3.0,4.0
popq_532,,,1.0,1,1.0,1,,,1.0,2,2.0,2,2.0,3.0,3.0
popq_410,,2.0,1.0,1,1.0,1,,2.0,1.0,2,2.0,2,3.0,3.0,1.0
popq_1223,,-1.0,1.0,-1,4.0,-1,,2.0,2.0,3,4.0,3,2.0,3.0,4.0
popq_515,,5.0,1.0,1,1.0,1,,5.0,3.0,2,1.0,2,2.0,1.0,3.0
popq_1103,1.0,1.0,1.0,1,1.0,1,1.0,1.0,2.0,2,1.0,1,2.0,3.0,3.0
popq_664,4.0,-1.0,1.0,-1,-1.0,1,4.0,2.0,2.0,2,3.0,2,4.0,3.0,4.0
popq_135,,-1.0,1.0,1,-1.0,1,,2.0,2.0,2,3.0,2,3.0,3.0,4.0
popq_199,4.0,1.0,-1.0,1,1.0,1,4.0,1.0,2.0,1,2.0,2,2.0,1.0,
popq_98,1.0,-1.0,1.0,1,1.0,1,1.0,2.0,1.0,2,2.0,2,3.0,3.0,4.0
popq_33,1.0,,1.0,1,1.0,1,1.0,,1.0,2,2.0,2,3.0,3.0,4.0
popq_256,,,1.0,-1,2.0,-1,,,2.0,2,2.0,2,1.0,3.0,3.0
popq_253,,1.0,1.0,2,2.0,-1,,1.0,1.0,2,2.0,2,2.0,3.0,3.0
popq_465,2.0,3.0,2.0,-1,1.0,2,2.0,3.0,3.0,2,1.0,2,2.0,3.0,3.0
popq_1283,-1.0,1.0,-1.0,-1,-1.0,2,2.0,1.0,3.0,3,2.0,2,2.0,3.0,3.0
popq_264,,,-1.0,1,1.0,1,,,2.0,2,1.0,2,3.0,3.0,4.0
popq_318,2.0,1.0,1.0,1,-1.0,1,2.0,1.0,2.0,2,2.0,2,2.0,3.0,3.0
popq_1142,,,4.0,4,-1.0,4,,,3.0,3,4.0,3,4.0,3.0,4.0
popq_217,,,-1.0,5,5.0,5,,,4.0,4,4.0,4,4.0,3.0,4.0
popq_765,,-1.0,4.0,4,-1.0,4,,3.0,4.0,4,3.0,4,4.0,4.0,4.0
popq_1450,,4.0,-1.0,2,,-1,,4.0,3.0,2,,3,3.0,3.0,1.0
popq_1428,2.0,3.0,2.0,2,-1.0,2,2.0,2.0,2.0,2,2.0,2,2.0,3.0,
popq_490,3.0,-1.0,-1.0,-1,-1.0,-1,3.0,2.0,2.0,2,2.0,2,2.0,1.0,1.0
popq_433,,1.0,2.0,2,1.0,1,,2.0,2.0,2,2.0,2,3.0,3.0,
popq_1066,1.0,2.0,1.0,1,1.0,1,1.0,2.0,1.0,1,1.0,1,2.0,3.0,
popq_1259,,,2.0,2,-1.0,2,,,2.0,2,2.0,2,2.0,3.0,1.0
popq_604,,,-1.0,1,1.0,1,,,2.0,2,2.0,2,2.0,3.0,4.0
popq_1302,1.0,,1.0,1,1.0,1,1.0,,2.0,2,1.0,2,2.0,3.0,
popq_1310,,-1.0,1.0,1,1.0,1,,2.0,1.0,1,2.0,1,1.0,1.0,
popq_694,1.0,2.0,2.0,-1,1.0,1,1.0,2.0,2.0,3,2.0,2,2.0,3.0,4.0
popq_1206,,1.0,-1.0,1,1.0,1,,1.0,2.0,1,1.0,1,2.0,3.0,1.0
popq_856,1.0,,-1.0,1,1.0,1,1.0,,2.0,2,2.0,2,2.0,3.0,
popq_112,,2.0,1.0,1,-1.0,1,,2.0,1.0,1,2.0,1,2.0,3.0,2.0
popq_1252,,1.0,1.0,1,1.0,1,,1.0,2.0,2,1.0,2,2.0,3.0,3.0
popq_880,1.0,,1.0,1,1.0,1,1.0,,1.0,1,1.0,1,1.0,3.0,
popq_720,,1.0,-1.0,1,1.0,1,,1.0,2.0,2,2.0,2,2.0,3.0,4.0
popq_1281,,1.0,1.0,1,,1,,1.0,1.0,1,,1,2.0,1.0,
popq_161,-1.0,2.0,1.0,1,2.0,1,3.0,2.0,3.0,2,2.0,2,3.0,3.0,3.0
popq_670,,,-1.0,1,1.0,1,,,2.0,2,1.0,2,2.0,1.0,
popq_1273,,,3.0,1,1.0,1,,,3.0,2,2.0,2,4.0,3.0,3.0
popq_680,1.0,,1.0,1,1.0,1,1.0,,1.0,2,2.0,1,3.0,3.0,2.0
popq_122,,-1.0,-1.0,1,1.0,1,,2.0,3.0,2,1.0,2,2.0,3.0,4.0
popq_448,,-1.0,1.0,1,1.0,1,,4.0,1.0,1,2.0,2,2.0,3.0,3.0
popq_1295,3.0,-1.0,1.0,1,1.0,1,3.0,3.0,2.0,2,2.0,2,2.0,3.0,
popq_1137,1.0,,1.0,2,2.0,1,1.0,,1.0,3,3.0,2,2.0,3.0,3.0
popq_696,-1.0,1.0,1.0,-1,-1.0,1,2.0,1.0,1.0,2,2.0,2,2.0,3.0,
popq_83,,-1.0,1.0,1,1.0,1,,2.0,2.0,1,1.0,1,1.0,1.0,
popq_1408,,-1.0,2.0,2,2.0,2,,4.0,2.0,2,2.0,2,3.0,3.0,
popq_878,1.0,1.0,1.0,1,1.0,1,1.0,1.0,2.0,2,1.0,1,2.0,3.0,
popq_949,2.0,-1.0,1.0,2,2.0,2,2.0,2.0,1.0,2,2.0,2,3.0,3.0,4.0
popq_1174,3.0,5.0,-1.0,2,2.0,2,3.0,5.0,4.0,2,3.0,3,2.0,3.0,4.0
popq_908,,3.0,1.0,1,1.0,1,,3.0,2.0,1,1.0,2,4.0,3.0,1.0
popq_275,,1.0,1.0,1,1.0,1,,1.0,1.0,2,2.0,2,2.0,3.0,
popq_503,1.0,1.0,-1.0,-1,1.0,1,1.0,1.0,2.0,2,2.0,2,3.0,3.0,4.0
popq_1,,1.0,-1.0,-1,2.0,-1,,1.0,3.0,3,2.0,3,4.0,4.0,5.0
popq_423,,-1.0,5.0,5,5.0,5,,4.0,4.0,4,4.0,4,5.0,5.0,4.0
popq_964,-1.0,-1.0,-1.0,1,1.0,1,2.0,2.0,2.0,1,2.0,2,2.0,1.0,
popq_860,1.0,-1.0,2.0,1,1.0,1,1.0,2.0,2.0,2,2.0,2,1.0,2.0,2.0
popq_725,,1.0,1.0,2,-1.0,1,,2.0,2.0,3,3.0,2,4.0,4.0,4.0
popq_984,1.0,,1.0,1,1.0,1,1.0,,1.0,1,1.0,1,1.0,1.0,
popq_1002,4.0,4.0,-1.0,1,1.0,1,4.0,4.0,2.0,2,2.0,2,3.0,1.0,
popq_574,-1.0,-1.0,1.0,1,-1.0,-1,3.0,4.0,2.0,2,4.0,3,4.0,3.0,4.0
popq_344,,1.0,1.0,1,1.0,1,,1.0,1.0,1,1.0,1,1.0,1.0,
popq_974,2.0,2.0,-1.0,-1,2.0,2,2.0,2.0,4.0,3,2.0,3,3.0,4.0,4.0
popq_13,,1.0,1.0,1,1.0,1,,1.0,1.0,1,1.0,1,2.0,1.0,3.0
popq_51,2.0,1.0,1.0,1,-1.0,1,2.0,1.0,1.0,2,2.0,2,4.0,3.0,1.0
popq_96,,,1.0,1,1.0,1,,,1.0,1,1.0,1,2.0,3.0,
popq_755,,-1.0,2.0,4,4.0,4,,3.0,3.0,3,4.0,3,3.0,3.0,3.0
popq_1308,1.0,3.0,2.0,1,1.0,1,1.0,3.0,2.0,2,2.0,2,3.0,3.0,3.0
popq_1340,2.0,2.0,-1.0,-1,2.0,2,2.0,2.0,2.0,2,2.0,2,4.0,5.0,4.0
popq_1034,1.0,,1.0,1,-1.0,1,1.0,,2.0,2,2.0,2,2.0,1.0,1.0
popq_393,,,1.0,1,1.0,1,,,2.0,2,1.0,2,2.0,3.0,1.0
popq_1096,3.0,,1.0,1,1.0,1,3.0,,2.0,2,2.0,2,4.0,3.0,4.0
popq_1369,,,-1.0,-1,2.0,-1,,,4.0,3,3.0,3,5.0,3.0,4.0
popq_1083,1.0,1.0,-1.0,4,2.0,-1,1.0,1.0,3.0,3,2.0,2,2.0,3.0,3.0
popq_1390,,3.0,1.0,1,1.0,1,,3.0,1.0,1,1.0,1,1.0,1.0,
popq_561,4.0,,1.0,1,1.0,1,4.0,,3.0,2,1.0,2,4.0,4.0,4.0
popq_522,,,-1.0,5,-1.0,5,,,4.0,4,4.0,4,5.0,5.0,4.0
popq_809,2.0,,-1.0,4,-1.0,-1,2.0,,3.0,3,2.0,2,5.0,5.0,4.0
popq_216,,,3.0,3,3.0,3,,,3.0,3,3.0,3,4.0,3.0,4.0
popq_266,5.0,-1.0,5.0,4,4.0,-1,5.0,4.0,4.0,4,4.0,4,5.0,4.0,4.0
popq_407,,-1.0,-1.0,3,-1.0,-1,,3.0,3.0,3,4.0,3,4.0,3.0,4.0
popq_805,2.0,2.0,1.0,1,1.0,1,2.0,2.0,1.0,1,1.0,1,1.0,1.0,
popq_1260,2.0,,2.0,2,5.0,2,2.0,,2.0,3,3.0,3,3.0,3.0,1.0
popq_446,1.0,1.0,1.0,1,1.0,1,1.0,1.0,1.0,1,1.0,1,2.0,3.0,3.0
popq_11,,-1.0,-1.0,3,3.0,3,,3.0,2.0,3,3.0,3,4.0,4.0,4.0
popq_1373,2.0,,1.0,1,2.0,1,2.0,,2.0,2,2.0,2,4.0,3.0,4.0
popq_55,,,1.0,1,-1.0,1,,,2.0,2,2.0,2,3.0,4.0,4.0
popq_1130,,1.0,1.0,1,1.0,1,,1.0,1.0,1,1.0,1,1.0,1.0,
popq_1393,,,1.0,1,2.0,1,,,2.0,2,2.0,2,5.0,3.0,1.0
popq_517,2.0,3.0,3.0,1,1.0,-1,2.0,3.0,2.0,2,2.0,2,3.0,3.0,3.0
popq_1294,3.0,-1.0,2.0,-1,3.0,-1,3.0,2.0,2.0,2,3.0,2,4.0,3.0,3.0
popq_255,,,1.0,1,1.0,1,,,1.0,1,1.0,1,3.0,3.0,3.0
popq_762,,1.0,1.0,1,1.0,1,,1.0,1.0,1,1.0,1,1.0,1.0,
popq_1108,,,1.0,1,1.0,1,,,1.0,1,1.0,1,1.0,1.0,
popq_1421,2.0,1.0,1.0,1,1.0,1,2.0,1.0,1.0,1,1.0,1,2.0,3.0,
popq_374,,,-1.0,1,1.0,1,,,2.0,1,1.0,1,1.0,1.0,1.0
popq_194,1.0,,1.0,1,1.0,1,1.0,,1.0,1,1.0,1,2.0,3.0,3.0
popq_678,-1.0,2.0,1.0,1,2.0,-1,2.0,2.0,2.0,2,2.0,2,2.0,3.0,
popq_187,1.0,-1.0,1.0,1,1.0,1,1.0,2.0,2.0,2,1.0,2,2.0,1.0,3.0
popq_709,2.0,4.0,5.0,5,-1.0,-1,2.0,4.0,4.0,4,3.0,3,4.0,4.0,4.0
popq_1042,-1.0,,-1.0,1,-1.0,1,4.0,,3.0,2,2.0,3,2.0,1.0,2.0
popq_1417,,1.0,1.0,2,1.0,1,,1.0,2.0,2,2.0,2,3.0,3.0,4.0
popq_1343,,5.0,4.0,4,5.0,-1,,5.0,4.0,4,4.0,4,4.0,4.0,4.0
popq_1031,2.0,1.0,2.0,-1,1.0,1,2.0,1.0,2.0,2,1.0,2,3.0,3.0,3.0
popq_793,,-1.0,1.0,1,1.0,1,,2.0,3.0,2,2.0,2,2.0,3.0,
popq_215,,1.0,1.0,1,1.0,1,,1.0,1.0,1,1.0,1,1.0,1.0,
popq_1399,,1.0,-1.0,1,1.0,1,,1.0,2.0,2,1.0,2,2.0,1.0,3.0
popq_884,1.0,2.0,1.0,1,1.0,1,1.0,2.0,1.0,1,1.0,1,1.0,1.0,
popq_690,1.0,,1.0,1,1.0,1,1.0,,2.0,2,1.0,2,2.0,3.0,3.0
popq_520,-1.0,,-1.0,-1,1.0,1,2.0,,2.0,2,1.0,2,4.0,3.0,4.0
popq_291,,1.0,1.0,2,2.0,2,,1.0,1.0,2,3.0,2,1.0,3.0,
popq_1164,,1.0,-1.0,1,1.0,1,,1.0,2.0,1,1.0,1,2.0,3.0,
popq_1410,2.0,5.0,,-1,-1.0,-1,2.0,5.0,,3,3.0,3,4.0,3.0,4.0
popq_227,1.0,,1.0,1,1.0,1,1.0,,1.0,1,1.0,1,2.0,3.0,1.0
popq_835,,5.0,1.0,1,-1.0,1,,5.0,2.0,2,3.0,2,4.0,3.0,4.0
popq_1354,4.0,1.0,4.0,2,2.0,2,4.0,1.0,3.0,3,2.0,3,4.0,3.0,4.0
popq_86,,,-1.0,-1,-1.0,-1,,,2.0,2,2.0,2,2.0,3.0,1.0
popq_1321,,1.0,1.0,1,1.0,1,,1.0,1.0,1,1.0,1,1.0,1.0,
popq_204,,1.0,1.0,1,1.0,1,,1.0,1.0,1,1.0,1,1.0,1.0,
popq_14,2.0,4.0,-1.0,1,1.0,1,2.0,4.0,2.0,1,1.0,2,2.0,3.0,1.0
popq_426,5.0,-1.0,1.0,1,-1.0,1,5.0,3.0,2.0,2,3.0,3,3.0,3.0,3.0
popq_1186,1.0,1.0,1.0,-1,-1.0,1,1.0,1.0,2.0,2,2.0,2,1.0,1.0,
popq_3,1.0,1.0,1.0,1,1.0,1,1.0,1.0,1.0,1,1.0,1,3.0,3.0,3.0
popq_698,1.0,,1.0,1,1.0,1,1.0,,1.0,1,1.0,1,2.0,3.0,
popq_953,1.0,1.0,1.0,1,1.0,1,1.0,1.0,1.0,1,1.0,1,1.0,1.0,
popq_543,3.0,,4.0,1,1.0,1,3.0,,3.0,2,2.0,2,4.0,4.0,4.0
popq_466,,1.0,1.0,1,1.0,1,,1.0,1.0,1,1.0,1,2.0,1.0,1.0
popq_37,1.0,,1.0,1,1.0,1,1.0,,1.0,1,1.0,1,1.0,1.0,
popq_1244,,4.0,2.0,2,-1.0,2,,4.0,2.0,2,3.0,3,3.0,3.0,2.0
popq_106,,3.0,3.0,-1,4.0,3,,3.0,3.0,3,3.0,3,2.0,3.0,1.0
popq_1196,,3.0,1.0,1,1.0,1,,3.0,1.0,1,2.0,1,2.0,1.0,
popq_1035,2.0,-1.0,1.0,1,1.0,1,2.0,2.0,1.0,1,2.0,2,2.0,1.0,
popq_773,1.0,1.0,1.0,1,1.0,1,1.0,1.0,1.0,2,1.0,1,2.0,1.0,
popq_518,3.0,,-1.0,3,3.0,3,3.0,,4.0,3,3.0,3,4.0,3.0,4.0
popq_681,1.0,,3.0,-1,4.0,-1,1.0,,3.0,3,3.0,3,2.0,3.0,4.0
popq_756,,-1.0,1.0,1,1.0,1,,3.0,2.0,2,2.0,2,3.0,3.0,3.0
popq_1429,1.0,,1.0,1,1.0,1,1.0,,1.0,1,1.0,1,2.0,3.0,1.0
popq_306,1.0,1.0,-1.0,2,2.0,2,1.0,1.0,2.0,2,2.0,2,2.0,3.0,4.0
popq_114,3.0,2.0,2.0,2,3.0,2,3.0,2.0,2.0,2,3.0,2,4.0,3.0,4.0
popq_1041,1.0,2.0,-1.0,1,-1.0,1,1.0,2.0,2.0,2,2.0,2,3.0,3.0,4.0
popq_1262,3.0,1.0,2.0,2,3.0,-1,3.0,1.0,2.0,2,3.0,2,2.0,3.0,4.0
popq_691,,,-1.0,1,1.0,1,,,3.0,2,2.0,2,2.0,3.0,
popq_495,,1.0,1.0,1,1.0,1,,1.0,1.0,1,1.0,1,2.0,3.0,
popq_1400,3.0,3.0,1.0,1,1.0,1,3.0,3.0,1.0,1,2.0,2,2.0,3.0,1.0
popq_754,,,1.0,1,1.0,1,,,2.0,2,1.0,2,1.0,1.0,
popq_1003,-1.0,1.0,2.0,-1,1.0,1,2.0,1.0,2.0,2,2.0,2,3.0,4.0,2.0
popq_911,,,1.0,1,1.0,1,,,1.0,1,1.0,1,2.0,1.0,
popq_744,,1.0,1.0,1,1.0,1,,1.0,2.0,2,1.0,1,2.0,3.0,
popq_257,,-1.0,-1.0,2,-1.0,-1,,2.0,2.0,2,2.0,2,2.0,3.0,1.0
popq_471,1.0,2.0,1.0,1,4.0,1,1.0,2.0,1.0,2,3.0,2,2.0,3.0,
popq_788,3.0,4.0,-1.0,-1,2.0,3,3.0,4.0,2.0,2,3.0,2,3.0,3.0,3.0
popq_597,1.0,-1.0,2.0,2,2.0,2,1.0,2.0,2.0,2,2.0,2,2.0,1.0,
popq_898,1.0,1.0,1.0,1,1.0,1,1.0,2.0,1.0,1,1.0,1,1.0,3.0,3.0
popq_392,1.0,1.0,1.0,1,1.0,1,1.0,1.0,1.0,1,1.0,1,1.0,1.0,
popq_284,,,1.0,1,1.0,1,,,2.0,2,2.0,2,2.0,3.0,1.0
popq_660,1.0,,1.0,1,1.0,1,1.0,,1.0,1,1.0,1,1.0,1.0,
popq_337,,-1.0,1.0,1,1.0,1,,2.0,2.0,1,1.0,2,2.0,1.0,
popq_1423,1.0,,1.0,1,1.0,1,1.0,,1.0,1,2.0,1,1.0,3.0,3.0
popq_324,1.0,,1.0,1,1.0,1,1.0,,1.0,1,1.0,1,1.0,1.0,
popq_751,,1.0,1.0,1,1.0,1,,1.0,1.0,1,1.0,1,2.0,3.0,3.0
popq_938,5.0,5.0,1.0,1,-1.0,1,5.0,4.0,2.0,2,3.0,3,3.0,3.0,4.0
popq_176,1.0,,1.0,1,1.0,1,1.0,,1.0,1,1.0,1,1.0,1.0,
popq_927,,-1.0,-1.0,1,1.0,1,,2.0,2.0,1,1.0,1,1.0,1.0,
popq_386,1.0,,1.0,1,1.0,1,1.0,,2.0,1,1.0,1,2.0,2.0,
popq_567,2.0,4.0,-1.0,1,1.0,1,2.0,4.0,2.0,2,2.0,2,3.0,3.0,3.0
popq_1293,,-1.0,1.0,1,1.0,1,,2.0,1.0,1,2.0,1,2.0,3.0,3.0
popq_881,4.0,-1.0,5.0,3,-1.0,-1,4.0,4.0,5.0,3,3.0,3,4.0,5.0,4.0
popq_1224,,1.0,1.0,1,1.0,1,,1.0,1.0,1,1.0,1,1.0,1.0,
popq_867,1.0,1.0,1.0,1,1.0,1,1.0,1.0,2.0,2,1.0,1,2.0,3.0,
popq_580,3.0,,4.0,5,-1.0,-1,3.0,,4.0,4,4.0,4,4.0,3.0,4.0
popq_1345,,,3.0,-1,4.0,-1,,,3.0,3,4.0,3,4.0,4.0,4.0
popq_260,,1.0,-1.0,-1,1.0,1,,1.0,2.0,2,1.0,2,2.0,3.0,
popq_455,1.0,-1.0,-1.0,2,2.0,2,1.0,2.0,3.0,2,2.0,2,4.0,3.0,4.0
popq_1436,,2.0,4.0,4,1.0,4,,2.0,3.0,3,2.0,3,4.0,3.0,3.0
popq_1237,,2.0,2.0,1,1.0,-1,,2.0,2.0,2,2.0,2,2.0,2.0,3.0
popq_273,-1.0,,5.0,2,2.0,2,4.0,,5.0,2,2.0,3,3.0,3.0,4.0
popq_427,2.0,,1.0,1,1.0,1,2.0,,1.0,1,1.0,1,3.0,3.0,
popq_222,,4.0,4.0,4,-1.0,4,,4.0,4.0,4,4.0,4,5.0,3.0,4.0
popq_110,,,1.0,1,-1.0,1,,,1.0,2,2.0,2,2.0,3.0,
popq_1032,4.0,,3.0,3,-1.0,3,4.0,,3.0,2,2.0,2,3.0,3.0,4.0
popq_978,1.0,-1.0,-1.0,1,1.0,1,1.0,2.0,2.0,1,1.0,2,2.0,3.0,1.0
popq_1044,3.0,3.0,-1.0,1,1.0,1,3.0,3.0,2.0,1,1.0,2,2.0,1.0,
popq_817,,4.0,-1.0,1,1.0,1,,4.0,2.0,2,2.0,2,2.0,1.0,
popq_598,2.0,,2.0,2,3.0,2,2.0,,2.0,2,3.0,2,4.0,3.0,4.0
popq_1346,,,1.0,1,-1.0,1,,,2.0,2,2.0,2,2.0,,2.0
popq_479,,-1.0,-1.0,-1,-1.0,-1,,2.0,2.0,2,2.0,2,2.0,3.0,3.0
popq_910,1.0,1.0,3.0,1,1.0,1,1.0,1.0,3.0,2,1.0,1,3.0,3.0,1.0
popq_125,1.0,,1.0,1,1.0,1,1.0,,1.0,1,1.0,1,2.0,1.0,
popq_956,1.0,1.0,3.0,3,1.0,3,1.0,1.0,2.0,3,2.0,2,3.0,3.0,3.0
popq_769,,1.0,1.0,1,1.0,1,,2.0,1.0,1,2.0,2,3.0,3.0,4.0
popq_634,1.0,1.0,1.0,1,1.0,1,1.0,1.0,1.0,1,1.0,1,2.0,1.0,
popq_946,,-1.0,1.0,1,1.0,1,,2.0,2.0,1,1.0,1,1.0,1.0,
popq_349,,,1.0,1,1.0,1,,,1.0,1,1.0,1,1.0,1.0,
popq_1068,-1.0,1.0,-1.0,-1,1.0,1,4.0,1.0,3.0,3,2.0,3,5.0,4.0,4.0
popq_425,,1.0,1.0,1,1.0,1,,1.0,1.0,1,1.0,1,1.0,1.0,
popq_1282,1.0,,1.0,1,1.0,1,1.0,,1.0,1,1.0,1,1.0,3.0,1.0
popq_1248,,1.0,1.0,1,1.0,1,,1.0,2.0,2,1.0,1,2.0,1.0,
popq_1127,,-1.0,1.0,1,-1.0,1,,2.0,1.0,1,2.0,2,2.0,3.0,1.0
popq_1365,1.0,,1.0,1,1.0,1,1.0,,2.0,2,1.0,1,2.0,3.0,
popq_1015,-1.0,1.0,1.0,1,1.0,1,2.0,1.0,2.0,2,1.0,1,2.0,1.0,
popq_1338,,1.0,1.0,1,1.0,1,,1.0,1.0,1,2.0,1,1.0,1.0,
popq_1131,,-1.0,3.0,1,1.0,1,,2.0,2.0,2,1.0,2,2.0,1.0,
popq_401,1.0,1.0,1.0,1,1.0,1,1.0,1.0,1.0,1,1.0,1,1.0,1.0,
popq_39,-1.0,,1.0,1,-1.0,1,2.0,,2.0,2,2.0,2,3.0,3.0,1.0
popq_85,,,-1.0,3,3.0,3,,,2.0,2,2.0,2,5.0,4.0,4.0
popq_1005,2.0,1.0,1.0,1,1.0,1,2.0,1.0,1.0,1,1.0,1,1.0,1.0,
popq_1311,2.0,2.0,1.0,1,1.0,1,2.0,2.0,2.0,1,1.0,2,2.0,3.0,
popq_951,1.0,1.0,1.0,1,1.0,1,1.0,1.0,1.0,1,1.0,1,1.0,1.0,
popq_313,,1.0,1.0,-1,-1.0,1,,1.0,2.0,2,2.0,2,3.0,4.0,4.0
popq_436,,,1.0,1,1.0,1,,,2.0,2,1.0,2,2.0,3.0,3.0
popq_1065,-1.0,1.0,1.0,1,1.0,1,2.0,1.0,2.0,3,2.0,2,3.0,3.0,3.0
popq_645,,2.0,1.0,-1,2.0,2,,2.0,1.0,2,2.0,2,2.0,3.0,
popq_593,4.0,4.0,4.0,-1,-1.0,4,4.0,4.0,3.0,3,4.0,3,4.0,4.0,4.0
popq_1363,,-1.0,1.0,1,1.0,1,,2.0,2.0,1,1.0,1,2.0,1.0,
popq_675,-1.0,-1.0,3.0,-1,1.0,3,2.0,2.0,3.0,3,1.0,3,3.0,3.0,4.0
popq_1480,1.0,1.0,1.0,1,1.0,1,1.0,1.0,1.0,1,1.0,1,1.0,1.0,
popq_721,,1.0,2.0,2,-1.0,2,,1.0,2.0,2,2.0,2,2.0,3.0,1.0
popq_23,1.0,,1.0,1,1.0,1,1.0,,2.0,2,1.0,1,2.0,1.0,
popq_1377,,-1.0,1.0,1,1.0,1,,2.0,2.0,1,1.0,1,2.0,3.0,1.0
popq_555,1.0,,1.0,1,1.0,1,1.0,,1.0,1,1.0,1,2.0,1.0,3.0
popq_753,1.0,1.0,1.0,1,1.0,1,1.0,1.0,1.0,1,1.0,1,1.0,1.0,
popq_309,,2.0,5.0,4,-1.0,-1,,2.0,4.0,4,3.0,4,4.0,3.0,4.0
popq_45,2.0,,1.0,1,-1.0,1,2.0,,2.0,2,2.0,2,2.0,3.0,3.0
popq_263,4.0,,1.0,1,1.0,1,4.0,,1.0,1,2.0,2,1.0,2.0,
popq_571,-1.0,4.0,-1.0,-1,3.0,3,2.0,4.0,2.0,2,2.0,2,3.0,3.0,3.0
popq_710,,,1.0,1,1.0,1,,,1.0,1,1.0,1,1.0,1.0,
popq_1205,1.0,1.0,1.0,1,1.0,1,1.0,1.0,2.0,2,1.0,2,2.0,1.0,3.0
popq_944,4.0,1.0,1.0,1,1.0,1,4.0,1.0,2.0,1,1.0,1,2.0,3.0,3.0
popq_1304,1.0,,1.0,1,1.0,1,1.0,,1.0,1,1.0,1,1.0,1.0,
popq_157,,1.0,1.0,1,1.0,1,,2.0,1.0,1,1.0,1,1.0,3.0,
popq_361,1.0,,-1.0,1,1.0,1,1.0,,2.0,1,1.0,1,2.0,1.0,
popq_1312,,1.0,-1.0,-1,-1.0,-1,,1.0,2.0,3,3.0,2,3.0,2.0,1.0
popq_679,1.0,,1.0,-1,3.0,1,1.0,,1.0,2,2.0,2,2.0,1.0,
popq_1344,,1.0,1.0,1,1.0,1,,1.0,1.0,1,1.0,1,1.0,1.0,
popq_202,-1.0,-1.0,1.0,1,1.0,1,2.0,2.0,1.0,1,1.0,1,1.0,1.0,
popq_1426,1.0,1.0,1.0,1,-1.0,1,1.0,1.0,1.0,1,2.0,1,2.0,1.0,
popq_311,1.0,,1.0,1,1.0,1,1.0,,1.0,2,2.0,2,2.0,3.0,3.0
popq_1069,3.0,3.0,-1.0,5,3.0,3,3.0,3.0,4.0,4,4.0,4,4.0,3.0,4.0
popq_201,,-1.0,-1.0,-1,-1.0,-1,,2.0,2.0,3,3.0,3,3.0,3.0,3.0
popq_820,,1.0,1.0,1,-1.0,1,,1.0,2.0,2,2.0,2,3.0,3.0,3.0
popq_295,,,,2,2.0,2,,,,2,2.0,2,4.0,3.0,4.0
popq_287,,,-1.0,1,-1.0,1,,,3.0,3,3.0,3,3.0,3.0,4.0
popq_307,1.0,,1.0,1,1.0,1,1.0,,1.0,1,1.0,1,1.0,1.0,
popq_1215,1.0,-1.0,1.0,1,1.0,1,1.0,2.0,1.0,1,2.0,1,2.0,3.0,
popq_1213,,3.0,2.0,1,1.0,1,,3.0,2.0,1,2.0,2,2.0,3.0,4.0
popq_1133,,5.0,-1.0,1,-1.0,1,,5.0,3.0,2,2.0,3,4.0,3.0,4.0
popq_887,1.0,1.0,1.0,1,1.0,1,1.0,1.0,1.0,1,1.0,1,2.0,3.0,
popq_557,1.0,1.0,1.0,1,-1.0,1,1.0,1.0,2.0,2,2.0,2,2.0,3.0,4.0
popq_52,1.0,,1.0,1,1.0,1,2.0,,1.0,1,1.0,1,3.0,3.0,4.0
popq_394,,1.0,1.0,1,1.0,1,,1.0,1.0,2,2.0,2,2.0,3.0,
popq_191,2.0,,2.0,-1,1.0,2,2.0,,2.0,2,1.0,2,2.0,3.0,3.0
popq_824,,2.0,1.0,1,1.0,1,,2.0,1.0,1,2.0,1,3.0,3.0,4.0
popq_1477,,1.0,-1.0,-1,-1.0,1,,1.0,2.0,2,2.0,2,2.0,3.0,
popq_1139,,5.0,-1.0,1,-1.0,1,,5.0,2.0,2,3.0,3,5.0,4.0,4.0
popq_613,,1.0,1.0,1,1.0,1,,1.0,2.0,2,1.0,2,2.0,3.0,1.0
popq_628,,-1.0,1.0,1,3.0,1,,2.0,2.0,2,2.0,2,4.0,4.0,3.0
popq_173,-1.0,,4.0,4,-1.0,4,2.0,,3.0,3,2.0,3,2.0,3.0,2.0
popq_1116,,-1.0,-1.0,-1,1.0,1,,3.0,3.0,2,2.0,2,2.0,3.0,1.0
popq_1491,,1.0,2.0,2,1.0,-1,,1.0,2.0,2,1.0,2,1.0,1.0,
popq_648,,1.0,1.0,1,1.0,1,,2.0,1.0,1,2.0,1,2.0,2.0,4.0
popq_713,,2.0,1.0,1,1.0,1,,2.0,1.0,1,2.0,2,2.0,1.0,
popq_771,,2.0,2.0,-1,-1.0,2,,2.0,2.0,2,2.0,2,1.0,3.0,3.0
popq_84,,1.0,1.0,1,1.0,1,,1.0,1.0,1,1.0,1,2.0,3.0,1.0
popq_1479,1.0,,-1.0,3,1.0,-1,1.0,,4.0,3,2.0,2,4.0,3.0,4.0
popq_441,,1.0,3.0,3,1.0,-1,,1.0,4.0,3,2.0,3,4.0,3.0,4.0
popq_1315,,5.0,5.0,5,5.0,5,,5.0,4.0,3,4.0,4,4.0,,4.0
popq_1168,2.0,5.0,3.0,3,5.0,-1,2.0,5.0,3.0,4,5.0,4,5.0,4.0,4.0
popq_616,,1.0,1.0,1,2.0,1,,1.0,1.0,1,2.0,1,1.0,1.0,
popq_560,2.0,1.0,-1.0,1,1.0,1,2.0,1.0,2.0,2,1.0,2,4.0,3.0,4.0
popq_630,,2.0,1.0,1,1.0,1,,2.0,1.0,1,2.0,2,2.0,3.0,3.0
popq_411,,,-1.0,1,1.0,1,,,2.0,2,2.0,2,2.0,3.0,1.0
popq_185,3.0,2.0,-1.0,1,-1.0,-1,3.0,2.0,2.0,2,2.0,2,2.0,3.0,
popq_265,2.0,,2.0,-1,-1.0,2,2.0,,2.0,2,2.0,2,2.0,3.0,3.0
popq_800,-1.0,-1.0,-1.0,1,-1.0,-1,4.0,2.0,2.0,2,2.0,2,4.0,3.0,3.0
popq_1169,1.0,1.0,1.0,1,1.0,1,1.0,1.0,1.0,1,1.0,1,2.0,1.0,
popq_10,,4.0,-1.0,1,1.0,1,,4.0,3.0,2,2.0,2,4.0,3.0,
popq_237,3.0,,1.0,3,3.0,3,3.0,,2.0,3,3.0,3,4.0,4.0,3.0
popq_336,,,-1.0,4,-1.0,4,,,4.0,3,2.0,3,4.0,4.0,4.0
popq_982,1.0,1.0,,1,1.0,1,1.0,1.0,,1,1.0,1,2.0,2.0,
popq_373,1.0,-1.0,1.0,1,1.0,1,1.0,2.0,1.0,2,2.0,2,2.0,2.0,
popq_310,,3.0,1.0,1,1.0,1,,3.0,2.0,1,1.0,2,2.0,1.0,
popq_972,1.0,1.0,2.0,2,1.0,-1,1.0,1.0,2.0,2,2.0,2,2.0,1.0,2.0
popq_1212,,-1.0,-1.0,1,1.0,1,,2.0,2.0,2,2.0,2,2.0,1.0,
popq_812,,1.0,1.0,1,1.0,1,,1.0,1.0,1,1.0,1,1.0,1.0,
popq_6,,-1.0,-1.0,2,-1.0,2,,3.0,2.0,2,3.0,3,3.0,3.0,4.0
popq_1441,,1.0,1.0,2,2.0,-1,,1.0,2.0,2,2.0,2,2.0,3.0,1.0
popq_141,,1.0,1.0,1,1.0,1,,1.0,1.0,1,1.0,1,2.0,1.0,
popq_198,,4.0,-1.0,1,1.0,1,,4.0,3.0,2,1.0,2,4.0,3.0,3.0
popq_523,1.0,,1.0,1,1.0,1,1.0,,1.0,1,1.0,1,2.0,1.0,
popq_792,,-1.0,1.0,1,1.0,1,,2.0,2.0,1,1.0,2,2.0,1.0,
popq_420,,1.0,3.0,3,1.0,-1,,1.0,2.0,2,2.0,2,3.0,3.0,4.0
popq_452,,-1.0,4.0,5,5.0,5,,4.0,4.0,4,4.0,4,4.0,4.0,4.0
popq_259,,,1.0,1,-1.0,1,,,1.0,2,2.0,2,2.0,3.0,3.0
popq_221,-1.0,1.0,-1.0,1,1.0,1,3.0,1.0,2.0,2,1.0,2,4.0,3.0,4.0
popq_826,,,-1.0,1,1.0,1,,,2.0,1,1.0,1,1.0,1.0,
popq_409,,3.0,-1.0,-1,3.0,3,,3.0,2.0,2,3.0,2,3.0,3.0,4.0
popq_658,-1.0,,-1.0,1,1.0,1,3.0,,2.0,2,2.0,2,3.0,3.0,4.0
popq_1452,,,1.0,1,1.0,1,,,1.0,1,1.0,1,2.0,3.0,1.0
popq_1097,3.0,3.0,3.0,-1,,3,3.0,3.0,3.0,2,,3,3.0,3.0,4.0
popq_1147,,2.0,1.0,1,-1.0,1,,2.0,2.0,2,2.0,2,3.0,3.0,4.0
popq_56,,2.0,2.0,2,-1.0,2,,2.0,2.0,2,2.0,2,2.0,3.0,3.0
popq_1424,1.0,-1.0,1.0,-1,-1.0,-1,1.0,4.0,2.0,3,3.0,3,2.0,3.0,4.0
popq_1107,,1.0,1.0,1,1.0,1,,1.0,1.0,1,1.0,1,1.0,1.0,
popq_396,,,-1.0,4,-1.0,4,,,2.0,3,4.0,3,3.0,3.0,1.0
popq_464,,3.0,3.0,1,4.0,3,,3.0,2.0,2,3.0,3,4.0,3.0,4.0
popq_1270,,1.0,1.0,1,1.0,1,,1.0,2.0,2,1.0,2,2.0,1.0,
popq_76,1.0,,1.0,1,1.0,1,1.0,,1.0,1,1.0,1,1.0,3.0,
popq_91,1.0,1.0,1.0,1,1.0,1,1.0,1.0,1.0,1,1.0,1,1.0,1.0,
popq_429,,1.0,-1.0,1,1.0,1,,1.0,2.0,2,1.0,2,2.0,3.0,1.0
popq_854,-1.0,1.0,-1.0,1,1.0,1,2.0,1.0,2.0,2,2.0,2,3.0,3.0,3.0
popq_930,2.0,2.0,1.0,1,-1.0,1,2.0,2.0,1.0,1,2.0,1,2.0,2.0,1.0
popq_1327,4.0,,1.0,1,-1.0,1,4.0,,2.0,2,2.0,2,2.0,1.0,1.0
popq_128,,1.0,1.0,1,1.0,1,,1.0,1.0,1,1.0,1,1.0,1.0,1.0
popq_485,3.0,2.0,3.0,3,2.0,-1,3.0,3.0,3.0,2,3.0,3,3.0,3.0,3.0
popq_516,4.0,4.0,4.0,3,-1.0,-1,4.0,4.0,3.0,2,2.0,3,2.0,3.0,3.0
popq_965,1.0,,-1.0,1,1.0,1,2.0,,2.0,2,2.0,2,2.0,3.0,
popq_473,2.0,1.0,1.0,1,1.0,1,2.0,1.0,1.0,1,1.0,1,3.0,3.0,4.0
popq_1290,1.0,,1.0,1,1.0,1,1.0,,1.0,1,1.0,1,1.0,1.0,
popq_842,,-1.0,2.0,-1,1.0,1,,2.0,2.0,2,2.0,2,3.0,3.0,4.0
popq_1167,1.0,1.0,1.0,-1,1.0,1,1.0,1.0,2.0,2,1.0,1,2.0,3.0,
popq_791,,-1.0,,1,1.0,1,,2.0,,1,1.0,1,2.0,1.0,
popq_116,,1.0,2.0,2,1.0,-1,,1.0,2.0,2,1.0,2,3.0,3.0,4.0
popq_1257,,5.0,1.0,1,1.0,1,,5.0,1.0,2,3.0,2,3.0,3.0,3.0
popq_241,,1.0,1.0,1,1.0,1,,1.0,2.0,1,1.0,1,2.0,1.0,3.0
popq_573,1.0,-1.0,1.0,1,1.0,1,1.0,2.0,1.0,1,1.0,1,1.0,1.0,
popq_746,2.0,,-1.0,-1,-1.0,-1,2.0,,3.0,3,2.0,3,4.0,3.0,4.0
popq_60,,2.0,1.0,1,1.0,1,,2.0,2.0,2,2.0,2,5.0,3.0,4.0
popq_1056,2.0,-1.0,2.0,-1,-1.0,1,2.0,2.0,2.0,2,2.0,2,2.0,3.0,3.0
popq_144,,5.0,1.0,1,1.0,1,,5.0,2.0,1,1.0,2,3.0,3.0,
popq_270,,-1.0,3.0,3,-1.0,3,,4.0,3.0,3,4.0,3,4.0,3.0,4.0
popq_968,1.0,1.0,1.0,1,1.0,1,1.0,1.0,2.0,1,1.0,1,2.0,1.0,
popq_933,,1.0,1.0,1,1.0,1,,1.0,1.0,1,1.0,1,4.0,3.0,4.0
popq_1438,4.0,-1.0,4.0,-1,2.0,-1,4.0,2.0,4.0,3,2.0,3,2.0,3.0,
popq_554,1.0,,1.0,-1,2.0,1,1.0,,2.0,2,2.0,2,2.0,3.0,2.0
popq_470,,-1.0,-1.0,5,5.0,5,,4.0,4.0,3,4.0,4,2.0,3.0,4.0
popq_1026,2.0,,1.0,1,1.0,1,2.0,,1.0,1,1.0,1,1.0,1.0,
popq_1368,1.0,4.0,1.0,1,1.0,1,1.0,4.0,2.0,1,2.0,2,2.0,1.0,
popq_823,,-1.0,4.0,2,2.0,2,,3.0,4.0,2,2.0,2,2.0,3.0,2.0
popq_1284,1.0,1.0,1.0,1,1.0,1,1.0,1.0,1.0,1,1.0,1,1.0,1.0,
popq_714,1.0,,3.0,3,-1.0,3,1.0,,3.0,3,2.0,3,2.0,3.0,3.0
popq_395,4.0,1.0,1.0,1,1.0,1,4.0,1.0,2.0,1,2.0,2,2.0,1.0,
popq_770,1.0,,1.0,1,1.0,1,1.0,,2.0,1,1.0,1,2.0,1.0,1.0
popq_1405,,,1.0,1,1.0,1,,,1.0,1,1.0,1,1.0,1.0,
popq_491,1.0,1.0,1.0,1,1.0,1,1.0,1.0,2.0,2,1.0,2,2.0,3.0,3.0
popq_1226,1.0,,1.0,1,1.0,1,1.0,,1.0,1,1.0,1,1.0,,
popq_718,1.0,-1.0,2.0,2,1.0,2,1.0,4.0,3.0,2,1.0,2,3.0,3.0,4.0
popq_236,1.0,1.0,1.0,1,1.0,1,1.0,1.0,2.0,2,1.0,1,2.0,3.0,1.0
popq_1297,3.0,,-1.0,2,2.0,-1,3.0,,2.0,2,2.0,2,3.0,3.0,4.0
popq_206,,2.0,1.0,1,1.0,1,,2.0,1.0,1,1.0,1,1.0,1.0,
popq_1254,,,1.0,1,1.0,1,,,2.0,1,1.0,1,1.0,1.0,
popq_844,,-1.0,4.0,1,1.0,1,,4.0,3.0,2,2.0,2,3.0,3.0,4.0
popq_625,,,1.0,1,-1.0,1,,,1.0,2,2.0,2,2.0,3.0,
popq_1062,-1.0,,1.0,1,4.0,1,2.0,,1.0,2,4.0,2,4.0,4.0,4.0
popq_1454,3.0,,-1.0,-1,-1.0,3,3.0,,2.0,3,3.0,3,3.0,3.0,4.0
popq_1387,4.0,,3.0,3,-1.0,3,4.0,,2.0,2,2.0,2,2.0,3.0,
popq_118,,2.0,1.0,1,-1.0,1,,2.0,1.0,2,2.0,2,2.0,3.0,3.0
popq_1219,-1.0,1.0,1.0,1,1.0,1,2.0,1.0,2.0,1,1.0,1,2.0,3.0,
popq_594,1.0,,1.0,1,1.0,1,1.0,,1.0,1,1.0,1,2.0,3.0,
popq_650,1.0,-1.0,1.0,1,1.0,1,2.0,2.0,1.0,1,2.0,2,1.0,3.0,3.0
popq_783,,4.0,4.0,-1,-1.0,4,,4.0,4.0,2,3.0,3,4.0,3.0,3.0
popq_914,,,1.0,1,1.0,1,,,2.0,1,1.0,1,2.0,3.0,1.0
popq_19,3.0,,3.0,-1,-1.0,3,3.0,,2.0,3,3.0,3,4.0,5.0,4.0
popq_562,-1.0,,4.0,-1,1.0,1,2.0,,4.0,3,2.0,3,2.0,3.0,3.0
popq_43,,-1.0,-1.0,1,1.0,1,,2.0,3.0,3,2.0,2,5.0,5.0,4.0
popq_1170,,1.0,1.0,1,1.0,1,,2.0,2.0,2,2.0,2,1.0,1.0,
popq_981,-1.0,5.0,1.0,1,1.0,1,2.0,5.0,2.0,2,1.0,2,1.0,3.0,
popq_1138,,1.0,1.0,1,1.0,1,,1.0,1.0,1,1.0,1,1.0,1.0,
popq_1392,,1.0,1.0,-1,-1.0,1,,1.0,2.0,2,2.0,2,2.0,1.0,3.0
popq_1313,,-1.0,1.0,1,-1.0,1,,2.0,2.0,2,2.0,2,3.0,3.0,3.0
popq_1010,3.0,,1.0,1,1.0,1,3.0,,2.0,2,2.0,2,2.0,1.0,3.0
popq_402,4.0,1.0,1.0,1,1.0,1,4.0,1.0,1.0,1,2.0,1,1.0,1.0,
popq_749,,,-1.0,-1,1.0,-1,,,2.0,2,2.0,2,3.0,3.0,4.0
popq_147,,,-1.0,-1,-1.0,-1,,,3.0,3,3.0,3,2.0,3.0,3.0
popq_979,-1.0,3.0,-1.0,2,3.0,3,4.0,3.0,4.0,3,3.0,3,5.0,5.0,4.0
popq_722,,,1.0,1,1.0,1,,,1.0,1,1.0,1,1.0,3.0,
popq_73,-1.0,,1.0,1,1.0,1,2.0,,1.0,1,1.0,1,2.0,1.0,
popq_1445,5.0,,5.0,-1,1.0,-1,5.0,,4.0,2,1.0,3,2.0,3.0,4.0
popq_439,,,1.0,1,1.0,1,,,1.0,2,2.0,2,2.0,1.0,
popq_365,,,4.0,3,-1.0,3,,,4.0,3,3.0,3,4.0,4.0,3.0
popq_1330,1.0,,1.0,1,1.0,1,1.0,,1.0,1,1.0,1,1.0,1.0,4.0
popq_1228,,1.0,-1.0,1,1.0,1,,1.0,2.0,1,1.0,1,2.0,3.0,
popq_246,,-1.0,1.0,1,1.0,1,,2.0,2.0,2,1.0,2,2.0,3.0,3.0
popq_538,,,-1.0,2,2.0,2,,,3.0,2,2.0,2,2.0,3.0,4.0
popq_1455,,,2.0,1,1.0,1,,,2.0,2,1.0,2,2.0,1.0,1.0
popq_651,,-1.0,-1.0,-1,-1.0,3,,4.0,4.0,3,3.0,3,5.0,5.0,4.0
popq_566,-1.0,3.0,1.0,1,1.0,1,2.0,3.0,2.0,2,2.0,2,2.0,3.0,3.0
popq_556,-1.0,-1.0,3.0,1,1.0,3,4.0,2.0,3.0,2,3.0,3,4.0,3.0,4.0
popq_1253,,2.0,2.0,1,1.0,-1,,2.0,2.0,2,2.0,2,2.0,3.0,4.0
popq_907,1.0,1.0,1.0,1,1.0,1,1.0,1.0,1.0,1,1.0,1,1.0,1.0,
popq_1171,,,1.0,1,1.0,1,,,2.0,2,1.0,2,2.0,3.0,3.0
popq_890,1.0,1.0,1.0,1,1.0,1,1.0,1.0,1.0,1,1.0,1,2.0,1.0,
popq_866,1.0,1.0,-1.0,1,1.0,1,1.0,2.0,2.0,1,1.0,1,1.0,1.0,
popq_1089,1.0,1.0,1.0,1,1.0,1,1.0,1.0,1.0,1,1.0,1,1.0,1.0,
popq_47,,5.0,-1.0,1,5.0,5,,4.0,3.0,3,3.0,3,4.0,3.0,4.0
popq_872,-1.0,-1.0,2.0,2,3.0,-1,4.0,2.0,2.0,2,3.0,2,3.0,3.0,4.0
popq_1040,3.0,2.0,-1.0,-1,2.0,2,2.0,2.0,2.0,3,3.0,3,4.0,3.0,4.0
popq_1482,,5.0,3.0,3,5.0,-1,,5.0,4.0,4,5.0,4,4.0,3.0,4.0
popq_99,,1.0,1.0,1,1.0,1,,2.0,2.0,1,1.0,1,1.0,1.0,
popq_1060,1.0,,1.0,-1,1.0,1,1.0,,2.0,2,2.0,2,2.0,3.0,3.0
popq_724,,,1.0,1,1.0,1,,,1.0,1,1.0,1,2.0,2.0,
popq_49,1.0,,1.0,1,1.0,1,1.0,,1.0,1,1.0,1,2.0,1.0,
popq_1320,-1.0,1.0,1.0,-1,1.0,1,2.0,1.0,2.0,2,2.0,2,3.0,3.0,4.0
popq_615,,-1.0,-1.0,-1,3.0,-1,,2.0,3.0,2,2.0,2,4.0,3.0,4.0
popq_328,,3.0,-1.0,-1,-1.0,-1,,3.0,2.0,2,2.0,2,2.0,1.0,
popq_1434,,3.0,4.0,4,-1.0,4,,3.0,3.0,3,3.0,3,4.0,3.0,4.0
popq_1473,,,1.0,1,-1.0,1,,,1.0,2,2.0,2,2.0,3.0,3.0
popq_277,,1.0,-1.0,1,1.0,1,,1.0,2.0,1,1.0,1,2.0,1.0,
popq_595,-1.0,,1.0,1,1.0,1,2.0,,1.0,1,2.0,1,1.0,1.0,
popq_688,2.0,1.0,-1.0,1,1.0,1,2.0,1.0,2.0,2,2.0,2,2.0,3.0,3.0
popq_1402,,,1.0,1,-1.0,1,,,2.0,2,2.0,2,1.0,3.0,
popq_258,2.0,2.0,5.0,5,-1.0,5,2.0,2.0,3.0,4,4.0,3,4.0,4.0,4.0
popq_1271,,,1.0,1,1.0,1,,,1.0,1,1.0,1,1.0,1.0,1.0
popq_795,1.0,-1.0,-1.0,3,3.0,3,1.0,3.0,3.0,3,3.0,3,5.0,5.0,4.0
popq_1258,,1.0,1.0,1,1.0,1,,1.0,1.0,1,1.0,1,2.0,3.0,
popq_667,2.0,,2.0,2,-1.0,2,2.0,,3.0,3,3.0,3,4.0,3.0,4.0
popq_226,,3.0,1.0,1,1.0,1,,3.0,1.0,1,1.0,1,1.0,1.0,
popq_977,4.0,-1.0,1.0,1,-1.0,1,4.0,4.0,2.0,1,3.0,2,2.0,3.0,4.0
popq_1242,1.0,2.0,-1.0,1,1.0,1,1.0,2.0,2.0,1,1.0,1,1.0,1.0,
popq_1126,,-1.0,1.0,-1,-1.0,1,,2.0,1.0,2,2.0,2,1.0,1.0,1.0
popq_853,2.0,-1.0,1.0,1,-1.0,1,2.0,2.0,2.0,1,2.0,2,4.0,3.0,3.0
popq_170,1.0,-1.0,1.0,1,1.0,1,1.0,2.0,2.0,1,1.0,1,2.0,1.0,
popq_635,1.0,5.0,-1.0,-1,-1.0,-1,1.0,5.0,2.0,3,3.0,3,2.0,1.0,3.0
popq_370,2.0,-1.0,-1.0,1,1.0,1,2.0,2.0,2.0,2,2.0,2,2.0,3.0,3.0
popq_925,,4.0,3.0,2,2.0,2,,4.0,3.0,3,3.0,3,3.0,3.0,4.0
popq_1038,4.0,1.0,1.0,1,1.0,1,4.0,2.0,2.0,1,2.0,2,3.0,3.0,4.0
popq_243,,,1.0,1,1.0,1,,,2.0,1,1.0,1,1.0,1.0,
popq_1326,,-1.0,-1.0,-1,1.0,3,,4.0,2.0,2,2.0,2,3.0,3.0,3.0
popq_1379,1.0,4.0,1.0,1,-1.0,1,1.0,3.0,2.0,2,2.0,2,2.0,3.0,3.0
popq_1109,1.0,,1.0,1,1.0,1,1.0,,1.0,1,1.0,1,1.0,1.0,
popq_629,1.0,,1.0,1,1.0,1,1.0,,1.0,1,1.0,1,1.0,1.0,
popq_563,2.0,1.0,-1.0,1,1.0,1,2.0,1.0,2.0,1,1.0,1,1.0,1.0,
popq_581,3.0,4.0,3.0,3,3.0,3,3.0,4.0,3.0,2,3.0,3,4.0,3.0,3.0
popq_592,3.0,3.0,-1.0,-1,-1.0,3,3.0,3.0,2.0,2,4.0,3,2.0,3.0,1.0
popq_764,,3.0,1.0,1,1.0,1,,3.0,2.0,1,1.0,1,2.0,1.0,
popq_1146,,,1.0,1,1.0,1,,,2.0,2,2.0,2,3.0,3.0,1.0
popq_300,,-1.0,1.0,1,3.0,1,,3.0,1.0,2,3.0,2,4.0,3.0,4.0
popq_367,,,1.0,1,1.0,1,,,1.0,1,1.0,1,1.0,1.0,
popq_1020,1.0,,1.0,1,1.0,1,1.0,,1.0,1,1.0,1,1.0,1.0,
popq_468,,1.0,1.0,1,1.0,1,,1.0,1.0,1,1.0,1,1.0,1.0,
popq_71,1.0,4.0,1.0,1,-1.0,-1,1.0,4.0,2.0,2,3.0,2,2.0,3.0,3.0
popq_1194,,1.0,1.0,1,1.0,1,,1.0,1.0,1,1.0,1,2.0,1.0,1.0
popq_1266,3.0,,3.0,-1,-1.0,3,3.0,,3.0,3,3.0,3,3.0,3.0,4.0
popq_1264,,3.0,1.0,1,1.0,1,,3.0,2.0,1,2.0,2,2.0,3.0,
popq_1305,-1.0,-1.0,4.0,-1,-1.0,4,3.0,4.0,3.0,3,4.0,3,3.0,3.0,3.0
popq_1028,3.0,-1.0,-1.0,-1,-1.0,3,3.0,2.0,2.0,3,3.0,3,4.0,4.0,3.0
popq_511,2.0,,2.0,3,3.0,-1,2.0,,2.0,3,3.0,3,3.0,3.0,4.0
popq_179,,,1.0,1,1.0,1,,,1.0,2,2.0,2,2.0,3.0,
